<?xml version="1.0" encoding="UTF-8" ?>
<!-- This is a WordPress eXtended RSS file generated by WordPress as an export of your site. -->
<!-- It contains information about your site's posts, pages, comments, categories, and other content. -->
<!-- You may use this file to transfer that content from one site to another. -->
<!-- This file is not intended to serve as a complete backup of your site. -->

<!-- To import this information into a WordPress site follow these steps: -->
<!-- 1. Log in to that site as an administrator. -->
<!-- 2. Go to Tools: Import in the WordPress admin panel. -->
<!-- 3. Install the "WordPress" importer from the list. -->
<!-- 4. Activate & Run Importer. -->
<!-- 5. Upload this file using the form provided on that page. -->
<!-- 6. You will first be asked to map the authors in this export file to users -->
<!--    on the site. For each author, you may choose to map to an -->
<!--    existing user on the site or to create a new user. -->
<!-- 7. WordPress will then import each of the posts, pages, comments, categories, etc. -->
<!--    contained in this file into your site. -->

<!-- generator="WordPress/4.8.1" created="2017-09-19 08:36" -->
<rss version="2.0"
	xmlns:excerpt="http://wordpress.org/export/1.2/excerpt/"
	xmlns:content="http://purl.org/rss/1.0/modules/content/"
	xmlns:wfw="http://wellformedweb.org/CommentAPI/"
	xmlns:dc="http://purl.org/dc/elements/1.1/"
	xmlns:wp="http://wordpress.org/export/1.2/"
>

<channel>
	<title>BeTube Video WordPress Theme</title>
	<link>http://demo.beetube.me/dark</link>
	<description>Just another WordPress site</description>
	<pubDate>Tue, 19 Sep 2017 08:36:23 +0000</pubDate>
	<language>en-US</language>
	<wp:wxr_version>1.2</wp:wxr_version>
	<wp:base_site_url>http://demo.beetube.me/dark</wp:base_site_url>
	<wp:base_blog_url>http://demo.beetube.me/dark</wp:base_blog_url>

	<wp:author><wp:author_id>1</wp:author_id><wp:author_login><![CDATA[admin]]></wp:author_login><wp:author_email><![CDATA[lahoreseo@gmail.com]]></wp:author_email><wp:author_display_name><![CDATA[admin]]></wp:author_display_name><wp:author_first_name><![CDATA[BeTube]]></wp:author_first_name><wp:author_last_name><![CDATA[Demo]]></wp:author_last_name></wp:author>


	<generator>https://wordpress.org/?v=4.8.1</generator>

	<item>
		<title>Video Ads</title>
		<link>http://demo.beetube.me/dark/video-ads/video-ads/</link>
		<pubDate>Thu, 13 Oct 2016 11:47:15 +0000</pubDate>
		<dc:creator><![CDATA[admin]]></dc:creator>
		<guid isPermaLink="false">http://demo.beetube.me/dark/?post_type=video-ads&#038;p=185</guid>
		<description></description>
		<content:encoded><![CDATA[]]></content:encoded>
		<excerpt:encoded><![CDATA[]]></excerpt:encoded>
		<wp:post_id>185</wp:post_id>
		<wp:post_date><![CDATA[2016-10-13 11:47:15]]></wp:post_date>
		<wp:post_date_gmt><![CDATA[2016-10-13 11:47:15]]></wp:post_date_gmt>
		<wp:comment_status><![CDATA[closed]]></wp:comment_status>
		<wp:ping_status><![CDATA[closed]]></wp:ping_status>
		<wp:post_name><![CDATA[video-ads]]></wp:post_name>
		<wp:status><![CDATA[publish]]></wp:status>
		<wp:post_parent>0</wp:post_parent>
		<wp:menu_order>0</wp:menu_order>
		<wp:post_type><![CDATA[video-ads]]></wp:post_type>
		<wp:post_password><![CDATA[]]></wp:post_password>
		<wp:is_sticky>0</wp:is_sticky>
		<wp:postmeta>
			<wp:meta_key><![CDATA[_edit_last]]></wp:meta_key>
			<wp:meta_value><![CDATA[1]]></wp:meta_value>
		</wp:postmeta>
		<wp:postmeta>
			<wp:meta_key><![CDATA[meta-box-text]]></wp:meta_key>
			<wp:meta_value><![CDATA[https://www.youtube.com/watch?v=CevxZvSJLk8]]></wp:meta_value>
		</wp:postmeta>
		<wp:postmeta>
			<wp:meta_key><![CDATA[img-position]]></wp:meta_key>
			<wp:meta_value><![CDATA[full]]></wp:meta_value>
		</wp:postmeta>
		<wp:postmeta>
			<wp:meta_key><![CDATA[meta-box-dropdown]]></wp:meta_key>
			<wp:meta_value><![CDATA[video]]></wp:meta_value>
		</wp:postmeta>
		<wp:postmeta>
			<wp:meta_key><![CDATA[meta-html-code]]></wp:meta_key>
			<wp:meta_value><![CDATA[]]></wp:meta_value>
		</wp:postmeta>
		<wp:postmeta>
			<wp:meta_key><![CDATA[bedatepicker]]></wp:meta_key>
			<wp:meta_value><![CDATA[560000]]></wp:meta_value>
		</wp:postmeta>
	</item>
	<item>
		<title>Google Ads</title>
		<link>http://demo.beetube.me/dark/video-ads/google-ads/</link>
		<pubDate>Thu, 20 Oct 2016 06:48:39 +0000</pubDate>
		<dc:creator><![CDATA[admin]]></dc:creator>
		<guid isPermaLink="false">http://demo.beetube.me/dark/?post_type=video-ads&#038;p=188</guid>
		<description></description>
		<content:encoded><![CDATA[]]></content:encoded>
		<excerpt:encoded><![CDATA[]]></excerpt:encoded>
		<wp:post_id>188</wp:post_id>
		<wp:post_date><![CDATA[2016-10-20 06:48:39]]></wp:post_date>
		<wp:post_date_gmt><![CDATA[2016-10-20 06:48:39]]></wp:post_date_gmt>
		<wp:comment_status><![CDATA[closed]]></wp:comment_status>
		<wp:ping_status><![CDATA[closed]]></wp:ping_status>
		<wp:post_name><![CDATA[google-ads]]></wp:post_name>
		<wp:status><![CDATA[publish]]></wp:status>
		<wp:post_parent>0</wp:post_parent>
		<wp:menu_order>0</wp:menu_order>
		<wp:post_type><![CDATA[video-ads]]></wp:post_type>
		<wp:post_password><![CDATA[]]></wp:post_password>
		<wp:is_sticky>0</wp:is_sticky>
		<wp:postmeta>
			<wp:meta_key><![CDATA[_edit_last]]></wp:meta_key>
			<wp:meta_value><![CDATA[1]]></wp:meta_value>
		</wp:postmeta>
		<wp:postmeta>
			<wp:meta_key><![CDATA[meta-box-text]]></wp:meta_key>
			<wp:meta_value><![CDATA[]]></wp:meta_value>
		</wp:postmeta>
		<wp:postmeta>
			<wp:meta_key><![CDATA[img-position]]></wp:meta_key>
			<wp:meta_value><![CDATA[full]]></wp:meta_value>
		</wp:postmeta>
		<wp:postmeta>
			<wp:meta_key><![CDATA[meta-box-dropdown]]></wp:meta_key>
			<wp:meta_value><![CDATA[html]]></wp:meta_value>
		</wp:postmeta>
		<wp:postmeta>
			<wp:meta_key><![CDATA[meta-html-code]]></wp:meta_key>
			<wp:meta_value><![CDATA[<script async src="//pagead2.googlesyndication.com/pagead/js/adsbygoogle.js"></script>
<!-- Responsive Ads -->
<ins class="adsbygoogle"
     style="display:block"
     data-ad-client="ca-pub-1989849072509270"
     data-ad-slot="1390461164"
     data-ad-format="auto"></ins>
<script>
(adsbygoogle = window.adsbygoogle || []).push({});
</script>]]></wp:meta_value>
		</wp:postmeta>
		<wp:postmeta>
			<wp:meta_key><![CDATA[bedatepicker]]></wp:meta_key>
			<wp:meta_value><![CDATA[560000]]></wp:meta_value>
		</wp:postmeta>
	</item>
	<item>
		<title>Image Ads</title>
		<link>http://demo.beetube.me/dark/video-ads/image-ads/</link>
		<pubDate>Fri, 21 Oct 2016 10:23:00 +0000</pubDate>
		<dc:creator><![CDATA[admin]]></dc:creator>
		<guid isPermaLink="false">http://demo.beetube.me/dark/?post_type=video-ads&#038;p=190</guid>
		<description></description>
		<content:encoded><![CDATA[]]></content:encoded>
		<excerpt:encoded><![CDATA[]]></excerpt:encoded>
		<wp:post_id>190</wp:post_id>
		<wp:post_date><![CDATA[2016-10-21 10:23:00]]></wp:post_date>
		<wp:post_date_gmt><![CDATA[2016-10-21 10:23:00]]></wp:post_date_gmt>
		<wp:comment_status><![CDATA[closed]]></wp:comment_status>
		<wp:ping_status><![CDATA[closed]]></wp:ping_status>
		<wp:post_name><![CDATA[image-ads]]></wp:post_name>
		<wp:status><![CDATA[publish]]></wp:status>
		<wp:post_parent>0</wp:post_parent>
		<wp:menu_order>0</wp:menu_order>
		<wp:post_type><![CDATA[video-ads]]></wp:post_type>
		<wp:post_password><![CDATA[]]></wp:post_password>
		<wp:is_sticky>0</wp:is_sticky>
		<wp:postmeta>
			<wp:meta_key><![CDATA[_edit_last]]></wp:meta_key>
			<wp:meta_value><![CDATA[1]]></wp:meta_value>
		</wp:postmeta>
		<wp:postmeta>
			<wp:meta_key><![CDATA[_thumbnail_id]]></wp:meta_key>
			<wp:meta_value><![CDATA[55]]></wp:meta_value>
		</wp:postmeta>
		<wp:postmeta>
			<wp:meta_key><![CDATA[meta-box-text]]></wp:meta_key>
			<wp:meta_value><![CDATA[]]></wp:meta_value>
		</wp:postmeta>
		<wp:postmeta>
			<wp:meta_key><![CDATA[be-img-url]]></wp:meta_key>
			<wp:meta_value><![CDATA[https://themeforest.net/item/betube-video-wordpress-theme/16437378?ref=joinwebs]]></wp:meta_value>
		</wp:postmeta>
		<wp:postmeta>
			<wp:meta_key><![CDATA[meta-box-dropdown]]></wp:meta_key>
			<wp:meta_value><![CDATA[image]]></wp:meta_value>
		</wp:postmeta>
		<wp:postmeta>
			<wp:meta_key><![CDATA[meta-html-code]]></wp:meta_key>
			<wp:meta_value><![CDATA[]]></wp:meta_value>
		</wp:postmeta>
		<wp:postmeta>
			<wp:meta_key><![CDATA[bedatepicker]]></wp:meta_key>
			<wp:meta_value><![CDATA[560000]]></wp:meta_value>
		</wp:postmeta>
	</item>
</channel>
</rss>
