{"last_tab":"8","betube-logo":{"url":"http:\/\/demo.beetube.me\/dark\/wp-content\/uploads\/2016\/09\/logo-dark.png","id":"181","height":"40","width":"164","thumbnail":"http:\/\/demo.beetube.me\/dark\/wp-content\/uploads\/2016\/09\/logo-dark-150x40.png"},"betube-favicon":{"url":"http:\/\/demo.beetube.me\/wp-content\/themes\/betube\/favicon.png","id":"","height":"","width":"","thumbnail":""},"betube-light-dark":"dark","betube_boxed":"wide","betube_boxed_bg_section":{"background-color":"#fff","background-repeat":"no-repeat","background-size":"cover","background-attachment":"fixed","background-position":"center center","background-image":"","media":{"id":"","height":"","width":"","thumbnail":""}},"nav-sticky":"1","infinite-scroll":"2","backtotop":"1","newusernotification":"2","betube-publish-post-notification":"2","betube_categories_desc":"0","tags_limit":"15","author_limit_all":"9","home-cat-counter":"10","all-videos-page-counter":"9","all-movies-page-counter":"8","betube-main-grid-selection":"gridsmall","betube-header-style":"v1","betube_all_videos_style":"multi","betube-footer-on":"1","footer_copyright":"All copyrights reserved \u00a9 2016 - Design & Development by <a href=\"http:\/\/joinwebs.com\">Joinwebs<\/a>","footer-logo":{"url":"http:\/\/demo.beetube.me\/dark\/wp-content\/uploads\/2016\/05\/footerlogo.png","id":"56","height":"24","width":"96","thumbnail":"http:\/\/demo.beetube.me\/dark\/wp-content\/uploads\/2016\/05\/footerlogo.png"},"betube-loader-on":"1","betube-loader-img":{"url":"http:\/\/demo.beetube.me\/dark\/wp-content\/uploads\/2016\/09\/betube-loader.gif","id":"182","height":"149","width":"320","thumbnail":"http:\/\/demo.beetube.me\/dark\/wp-content\/uploads\/2016\/09\/betube-loader-150x149.gif"},"betube-loader-bg":"#ffffff","landing-first-section-on":"1","landing-first-section-title":"Newest Videos","landing-first-grid-selection":"gridsmall","landing-first-section-category":"","landing-first-section-pcount":"8","landing-first-section-order":"date","landing-first-section-ad_code":"<a href=\"#\"><img src=\"http:\/\/demo.beetube.me\/wp-content\/uploads\/2016\/05\/goodleadv.png\" alt=\"BeTube Ads\"><\/a>","landing-second-section-on":"1","landing-second-section-title":"Most Popular Videos","landing-second-grid-selection":"gridsmall","landing-second-section-category":"","landing-second-section-pcount":"8","landing-second-section-order":"date","landing-second-section-ad_code":"<a href=\"#\"><img src=\"http:\/\/demo.beetube.me\/wp-content\/uploads\/2016\/05\/goodleadv.png\" alt=\"BeTube Ads\"><\/a>","landing-third-section-on":"0","landing-third-section-title":"Most Liked","landing-third-grid-selection":"gridsmall","landing-third-section-category":"","landing-third-section-pcount":"12","landing-third-section-order":"date","landing-third-section-ad_code":"<a href=\"#\"><img src=\"http:\/\/demo.beetube.me\/wp-content\/uploads\/2016\/05\/goodleadv.png\" alt=\"BeTube Ads\"><\/a>","landing-fourth-section-on":"0","landing-fourth-section-title":"Fourth Title","landing-fourth-grid-selection":"gridsmall","landing-fourth-section-category":"","landing-fourth-section-pcount":"4","landing-fourth-section-order":"date","landing-fourth-section-ad_code":"<a href=\"#\"><img src=\"http:\/\/demo.beetube.me\/wp-content\/uploads\/2016\/05\/goodleadv.png\" alt=\"BeTube Ads\"><\/a>","landing-five-section-on":"0","landing-five-section-title":"five Title","landing-five-grid-selection":"gridsmall","landing-five-section-category":"","landing-five-section-pcount":"2","landing-five-section-order":"date","landing-five-section-ad_code":"<a href=\"#\"><img src=\"http:\/\/demo.beetube.me\/wp-content\/uploads\/2016\/05\/goodleadv.png\" alt=\"BeTube Ads\"><\/a>","randomcat-title-homev5":"Watch Videos from random Medias","randomcat-desc-homev5":"Lorem Ipsum is simply dummy text of the printing and typesetting industry. Lorem Ipsum has been the industrys standard dummy text ever since the 1500s, when an unknown printer took a galley of type and scrambled it to make a type specimen book.","randomcat-list-homev5":["1"],"randomcat-section-pcount":"6","randomcat-grid-selection":"gridsmall","betube_cat_slider_fullwidth":"0","betube_cat_slider":["2","3","4","5","6","7","8"],"betube-movies-section":"1","betube_movies_fullwidth":"0","movies-section-pcount":"6","movies-section-ad_code":"<a href=\"#\"><img src=\"http:\/\/demo.beetube.me\/wp-content\/uploads\/2016\/05\/goodleadv.png\" alt=\"BeTube Ads\"><\/a>","betube_blog_section_on":"1","betube_blog_section_fullwidth":"0","betube_blog_section_title":"Latest From Blog","betube_blog_section_count":"6","betube_blog_section_post_order":"title","betube_news_categories":["1"],"betube_news_count":"6","betube_news_sort_order":"title","betube_trendy_posts_off":"1","betube_trendy_posts_title":"TRENDY POSTS","betube_trendy_posts_icon":"fa fa-bolt","betube_trendy_posts_icon_color":"#56a4ca","betube_trendy_posts_desc":"It is a long established fact that a reader","betube_trendy_posts_categories":["2","3","4","5","6","7","8"],"betube_trendy_posts_count":"10","betube_featured_posts_title":"Featured Posts","betube_featured_posts_desc":"It is a long established fact that a reader","betube_featured_posts_icon":"fa fa-star","betube_featured_posts_icon_color":"#ffc107","betube_featured_posts_type":{"image":"0","video":"0","audio":"0"},"betube_featured_posts_adv":"","betube_mag_main_cat":"2","betube_mag_main_cat_des":"It is a long established fact that a reader","betube_mag_multi_categories":["3","5","4"],"betube_watch_news_title":"Watch News","betube_watch_news_description":"It is a long established fact that a reader","betube_watch_news_icon":"fa fa-bullhorn","betube_watch_news_icon_color":"#f44336","betube_watch_news_cats":["2","3","4","5","6","7","8"],"betube_watch_news_post_count":"10","betube_mag_favorite_on":"1","betube_mag_favorite_cats_list":["2","7"],"betube_mag_favorite_adv":"","betube_mag_recent_posts":"Recent Posts","betube_mag_recent_posts_desc":"It is a long established fact that a reader","betube_mag_recent_posts_icon":"fa fa-bullhorn","betube_mag_recent_posts_color":"#40c4ff","betube_mag_recent_posts_cat_list":["2","3","4"],"betube_mag_recent_posts_type":{"image":"1","video":"1","audio":"1"},"betube_mag_recent_posts_count":"10","betube_mag_more_news_title":"More News","betube_mag_more_news_desc":"It is a long established fact that a reader","betube_mag_more_news_icon":"fa fa-bullhorn","betube_mag_more_news_color":"#3dbd5d","betube_mag_more_news_cat_list":["2","3","4","5","6","7"],"betube_mag_more_news_post_types":{"image":"1","video":"1","audio":"1"},"betube_mag_more_news_post_count":"4","betube_carousel_slider_off":"1","betube_mag_layout_manager":{"disabled":{"placebo":"placebo"},"enabled":{"placebo":"placebo","featuredmag":"Featured Posts","multicatsmag":"Multi Categories","watchnewsmag":"Watch News","favoritecatsmag":"Favorite Categories","recentmag":"Recent Posts Section","morenewsmag":"More News"}},"betube-landing-layout":{"disabled":{"placebo":"placebo","moviesv2":"Movies Slider V2","blogsection":"Blogs Posts","maincontent4":"FullWidth Videos Section"},"enabled":{"placebo":"placebo","layerslider":"LayerSlider","verticalslider":"Vertical Slider","caraslider":"Carousel Slider","featuredvideos":"Featured Videos Slider","homecategory":"Categories","maincontent":"Video Content","maincontent2":"Videos With Sidebar","maincontent3":"Videos With Sidebar BG","randomcat":"Random Categories","movies":"Movies Slider"}},"betube-vertical-slider-thumb":"2","betube-vertical-slider-cat":["1"],"betube-vertical-slider-count":"10","featured-caton":"0","featured-slider-on":"1","featured-counter":"9","betube-cara-slider-category":["2","3","4","5","6","7","8"],"betube-cara-slider-count":"9","betube-tags-on":"1","betube-floting-video":"1","betube-plugin-adv":"1","betube-post-moderation-on":"1","betube-multi-player":"2","betube-custom-uploading":"2","betube_social_share_btn":"1","betube-default-player":"2","betube-single-video-layout":"2","betube_related_video_count":"3","login":"http:\/\/demo.beetube.me\/dark\/login\/","register":"http:\/\/demo.beetube.me\/dark\/register\/","profile":"http:\/\/demo.beetube.me\/dark\/profile\/","edit-profile":"http:\/\/demo.beetube.me\/dark\/edit-profile\/","new_post":"http:\/\/demo.beetube.me\/dark\/add-post\/","edit_post":"http:\/\/demo.beetube.me\/dark\/edit-video\/","all-cat-page-link":"","all-video-page-link":"http:\/\/demo.beetube.me\/dark\/all-videos\/","all-video-single-user":"http:\/\/demo.beetube.me\/dark\/user-video\/","all-followers":"http:\/\/demo.beetube.me\/dark\/followers\/","reset":"http:\/\/demo.beetube.me\/dark\/reset-password\/","termsandcondition":"http:\/\/demo.beetube.me\/dark\/terms\/","all-favourite":"http:\/\/demo.beetube.me\/dark\/favorite\/","betube-google-ads-for-blog":"<a href=\"#\"><img src=\"http:\/\/demo.beetube.me\/wp-content\/uploads\/2016\/05\/goodleadv.png\" alt=\"BeTube Ads\"><\/a>","betube-google-ads-for-category-page":"<a href=\"#\"><img src=\"http:\/\/demo.beetube.me\/wp-content\/uploads\/2016\/05\/goodleadv.png\" alt=\"BeTube Ads\"><\/a>","betube-google-ads-for-all-video-page":"<a href=\"#\"><img src=\"http:\/\/demo.beetube.me\/wp-content\/uploads\/2016\/05\/goodleadv.png\" alt=\"BeTube Ads\"><\/a>","betube-google-ads-header-v6":"<a href=\"#\"><img src=\"http:\/\/demo.beetube.me\/wp-content\/uploads\/2016\/05\/goodleadv.png\" alt=\"BeTube Ads\"><\/a>","betube-google-adv-boxed-v1":"","betube-google-adv-boxed-v2":"","facebook-link":"http:\/\/www.facebook.com\/joinwebs","twitter-link":"http:\/\/www.twitter.com\/joinwebs","dribbble-link":"http:\/\/dribbble.com\/joinwebs","flickr-link":"http:\/\/joinwebs.com","github-link":"http:\/\/joinwebs.com","pinterest-link":"http:\/\/joinwebs.com","youtube-link":"http:\/\/joinwebs.com","google-plus-link":"http:\/\/joinwebs.com","linkedin-link":"http:\/\/joinwebs.com","instagram-link":"http:\/\/joinwebs.com","vimeo-link":"http:\/\/joinwebs.com","twitter_user_name":"joinwebs","consumer_key":"wGJswi6el5wCIeEiwoO8xw","consumer_secret":"3fNYyeOof3Se9d6JqXT3SKgHJmM2fZU2038abckpYU","access_token":"508769927-TtT4N7uOJsUkSakVy83w8LImLZTuMkbmbSHlSV4H","access_token_secret":"gUC2tgbzFtgfDkPh5EUg0KEq9MGIYuZa4fpwmC7qTQo","betube-facebook-meta-on":"1","betubefbappid":"","betube-play-on-facebook":"1","betube-facebook-comment":"2","contact-map":"1","contact-email":"support@joinwebs.com","contact-email-error":"You entered an invalid email.","contact-name-error":"You forgot to enter your name.","contact-message-error":"You forgot to enter your message.","contact-thankyou-message":"Thank you! We will get back to you as soon as possible.","betube_google_api":"","contact-latitude":"31.516370","contact-longitude":"74.258727","contact-zoom":"16","betube-contact-title":"JoinWebs","betube-contact-address":"Lahore, Pakistan","contact-description":"Semper ac dolor vitae accumsan. Cras interdum hendrerit lacinia.Phasellusaccumsan urna vitae molestie interdum. Nam sed placerat libero, non eleifend dolor.","contact-address":"Our business address is 1063 Freelon Street San Francisco, CA 95108","contact-phone":"021.343.7575","contact-fax":"021.343.7576","betube-color-title":"#444444","betube_body_color":"#2e2e2e","betube-primary-color":"#e96969","betube-secondary-color":"#2e2e2e","betube-breadcrumb-bg":"#2e2e2e","betube-breadcrumb-txt-color":"#aaaaaa","betube-vertical-slider-bg":"#303030","betube-sidebar-color":"#f0f0f0","betube-footer-bg-color":"#444444","betube-footer-heading-color":"#ececec","betube-footer-text-color":"#aaaaaa","betube-footer-tag-bg":"#6c6c6c","betube-footer-bottom-bg":"#2e2e2e","body-font":{"font-family":"Open Sans","font-options":"","google":"1","font-weight":"400","font-style":"","subsets":"","text-align":"","font-size":"13px","line-height":"24px","color":"#6c6c6c"},"heding1-font":{"font-family":"Open Sans","font-options":"","google":"1","font-weight":"700","font-style":"","subsets":"","text-align":"","font-size":"36px","line-height":"36px","color":"#444"},"heding2-font":{"font-family":"Open Sans","font-options":"","google":"1","font-weight":"700","font-style":"","subsets":"","text-align":"","font-size":"30px","line-height":"30px","color":"#444"},"heding3-font":{"font-family":"Open Sans","font-options":"","google":"1","font-weight":"700","font-style":"","subsets":"","text-align":"","font-size":"24px","line-height":"24px","color":"#444"},"heding4-font":{"font-family":"Open Sans","font-options":"","google":"1","font-weight":"700","font-style":"","subsets":"","text-align":"","font-size":"18px","line-height":"18px","color":"#444"},"heding5-font":{"font-family":"Open Sans","font-options":"","google":"1","font-weight":"700","font-style":"","subsets":"","text-align":"","font-size":"16px","line-height":"16px","color":"#444"},"heding6-font":{"font-family":"Open Sans","font-options":"","google":"1","font-weight":"700","font-style":"","subsets":"","text-align":"","font-size":"14px","line-height":"14px","color":"#444"},"featured-cat":1,"redux-backup":"1"}