{"last_tab":"8","betube-logo":{"url":"http:\/\/demo.beetube.me\/wp-content\/uploads\/2016\/07\/logo.png","id":"","height":"","width":"","thumbnail":""},"betube-favicon":{"url":"http:\/\/demo.beetube.me\/wp-content\/themes\/betube\/favicon.png","id":"","height":"","width":"","thumbnail":""},"betube-light-dark":"light","betube_boxed":"wide","betube_boxed_bg_section":{"background-color":"#fff","background-repeat":"no-repeat","background-size":"cover","background-attachment":"fixed","background-position":"center center","background-image":"","media":{"id":"","height":"","width":"","thumbnail":""}},"nav-sticky":"0","infinite-scroll":"2","backtotop":"1","newusernotification":"2","betube-publish-post-notification":"2","betube_categories_desc":"0","tags_limit":"15","author_limit_all":"9","home-cat-counter":"10","all-videos-page-counter":"9","all-movies-page-counter":"8","betube-main-grid-selection":"gridsmall","betube-header-style":"v1","betube_all_videos_style":"multi","betube-footer-on":"1","footer_copyright":"All copyrights reserved \u00a9 2016 - Design & Development by <a href=\"http:\/\/joinwebs.com\">Joinwebs<\/a>","betube_footer_fullwidth":"normal","footer-logo":{"url":"http:\/\/demo.beetube.me\/rtl\/wp-content\/uploads\/2016\/05\/footerlogo.png","id":"56","height":"24","width":"96","thumbnail":"http:\/\/demo.beetube.me\/rtl\/wp-content\/uploads\/2016\/05\/footerlogo.png"},"betube-loader-on":"2","betube-loader-img":{"url":"","id":"","height":"","width":"","thumbnail":""},"betube-loader-bg":"#ffffff","landing-first-section-on":"1","landing-first-section-title":"\u0623\u062d\u062f\u062b \u0641\u064a\u062f\u064a\u0648","landing-first-grid-selection":"gridsmall","landing-first-section-category":"","landing-first-section-pcount":"8","landing-first-section-order":"date","landing-first-section-ad_code":"<a href=\"#\"><img src=\"http:\/\/demo.beetube.me\/wp-content\/uploads\/2016\/05\/goodleadv.png\" alt=\"BeTube Ads\"><\/a>","landing-second-section-on":"1","landing-second-section-title":"\u0627\u0644\u0623\u0643\u062b\u0631 \u0634\u0639\u0628\u064a\u0629 \u0643\u0644\u064a\u0628","landing-second-grid-selection":"gridsmall","landing-second-section-category":"","landing-second-section-pcount":"8","landing-second-section-order":"views","landing-second-section-ad_code":"<a href=\"#\"><img src=\"http:\/\/demo.beetube.me\/wp-content\/uploads\/2016\/05\/goodleadv.png\" alt=\"BeTube Ads\"><\/a>","landing-third-section-on":"0","landing-third-section-title":"Most Liked","landing-third-grid-selection":"gridsmall","landing-third-section-category":"","landing-third-section-pcount":"12","landing-third-section-order":"date","landing-third-section-ad_code":"<a href=\"#\"><img src=\"http:\/\/demo.beetube.me\/wp-content\/uploads\/2016\/05\/goodleadv.png\" alt=\"BeTube Ads\"><\/a>","landing-fourth-section-on":"0","landing-fourth-section-title":"Fourth Title","landing-fourth-grid-selection":"gridsmall","landing-fourth-section-category":"","landing-fourth-section-pcount":"4","landing-fourth-section-order":"date","landing-fourth-section-ad_code":"<a href=\"#\"><img src=\"http:\/\/demo.beetube.me\/wp-content\/uploads\/2016\/05\/goodleadv.png\" alt=\"BeTube Ads\"><\/a>","landing-five-section-on":"0","landing-five-section-title":"five Title","landing-five-grid-selection":"gridsmall","landing-five-section-category":"","landing-five-section-pcount":"2","landing-five-section-order":"date","landing-five-section-ad_code":"<a href=\"#\"><img src=\"http:\/\/demo.beetube.me\/wp-content\/uploads\/2016\/05\/goodleadv.png\" alt=\"BeTube Ads\"><\/a>","randomcat-title-homev5":"\u0645\u0634\u0627\u0647\u062f\u0629 \u0623\u0641\u0644\u0627\u0645 \u0645\u0646 \u0627\u0644\u0623\u0648\u0633\u0627\u0637 \u0639\u0634\u0648\u0627\u0626\u064a\u0629","randomcat-desc-homev5":"\u0636\u0645\u0646\u0647\u0627 \u0641\u0631\u0646\u0633\u064a\u0629 \u0645\u0648\u0627\u0642\u0639\u0647\u0627 \u0625\u0630 \u0627\u0644\u0649, \u0644\u0645 \u0639\u0631\u0641\u0647\u0627 \u0627\u0644\u0625\u0637\u0644\u0627\u0642 \u0623\u062e\u0631. \u0627\u0644\u062e\u0637\u0651\u0629 \u0644\u064a\u062a\u0633\u0646\u0651\u0649 \u0627\u0644\u0623\u0631\u0636\u064a\u0629 \u0648 \u0648\u0642\u062f, \u0645\u0626\u0627\u062a \u0623\u0641\u0627\u0642 \u0623\u0648\u0631\u0627\u0642\u0647\u0645 \u0639\u062f\u0645 \u0643\u0644, \u0648 \u0627\u0644\u062c\u0646\u0648\u0628\u064a \u0648\u0647\u0648\u0644\u0646\u062f\u0627\u060c \u0645\u0645\u0627. \u062f\u0648\u0646 \u0642\u062f \u0628\u0632\u0645\u0627\u0645 \u0623\u062f\u0648\u0627\u062a \u0648\u0645\u062d\u0627\u0648\u0644\u0629. \u0628\u0640 \u0645\u064a\u0646\u0627\u0621 \u0645\u0639\u0632\u0651\u0632\u0629 \u0627\u0644\u0623\u0628\u0631\u064a\u0627\u0621 \u062d\u062f\u0649. \u062a\u0645 \u0648\u0645\u0646 \u064a\u062a\u0639\u0644\u0651\u0642 \u062a\u0643\u062a\u064a\u0643\u0627\u064b.","randomcat-list-homev5":["5","9","2"],"randomcat-section-pcount":"6","randomcat-grid-selection":"gridsmall","betube_cat_slider_fullwidth":"0","betube_cat_slider":["3","4","5","9","2","7","6"],"betube-movies-section":"0","betube_movies_fullwidth":"0","movies-section-pcount":"6","movies-section-ad_code":"<a href=\"#\"><img src=\"http:\/\/demo.beetube.me\/wp-content\/uploads\/2016\/05\/goodleadv.png\" alt=\"BeTube Ads\"><\/a>","betube_blog_section_on":"1","betube_blog_section_fullwidth":"0","betube_blog_section_title":"\u0622\u062e\u0631 \u0645\u0646 \u0645\u062f\u0648\u0646\u0629","betube_blog_section_count":"6","betube_blog_section_post_order":"title","betube_news_categories":["3","4"],"betube_news_count":"6","betube_news_sort_order":"title","betube_trendy_posts_off":"1","betube_trendy_posts_title":"\u0627\u0644\u0645\u0634\u0627\u0631\u0643\u0627\u062a \u0627\u0644\u0639\u0635\u0631\u064a\u0629","betube_trendy_posts_icon":"fa fa-bolt","betube_trendy_posts_icon_color":"#56a4ca","betube_trendy_posts_desc":"\u062b\u0645 \u0645\u0639\u0642\u0644 \u0648\u064a\u0643\u064a\u0628\u064a\u062f\u064a\u0627 \u0628\u062d\u0642. \u0628\u062f\u0627\u064a\u0629 \u0641\u0627\u062a\u0651\u0628\u0639 \u0641\u0639\u0644 \u0643\u0644.","betube_trendy_posts_categories":["3","4","5","9","2","7","6"],"betube_trendy_posts_count":"10","betube_featured_posts_title":"\u0627\u0644\u0645\u0634\u0627\u0631\u0643\u0627\u062a \u0645\u0645\u064a\u0632\u0629","betube_featured_posts_desc":"\u062b\u0645 \u0645\u0639\u0642\u0644 \u0648\u064a\u0643\u064a\u0628\u064a\u062f\u064a\u0627 \u0628\u062d\u0642. \u0628\u062f\u0627\u064a\u0629 \u0641\u0627\u062a\u0651\u0628\u0639 \u0641\u0639\u0644 \u0643\u0644.","betube_featured_posts_icon":"fa fa-star","betube_featured_posts_icon_color":"#ffc107","betube_featured_posts_type":{"image":"0","video":"0","audio":"0"},"betube_featured_posts_adv":"","betube_mag_main_cat":"9","betube_mag_main_cat_des":"\u062b\u0645 \u0645\u0639\u0642\u0644 \u0648\u064a\u0643\u064a\u0628\u064a\u062f\u064a\u0627 \u0628\u062d\u0642. \u0628\u062f\u0627\u064a\u0629 \u0641\u0627\u062a\u0651\u0628\u0639 \u0641\u0639\u0644 \u0643\u0644.","betube_mag_multi_categories":["2","6"],"betube_watch_news_title":"\u0645\u0634\u0627\u0647\u062f\u0629 \u0627\u0644\u0623\u062e\u0628\u0627\u0631","betube_watch_news_description":"\u062b\u0645 \u0645\u0639\u0642\u0644 \u0648\u064a\u0643\u064a\u0628\u064a\u062f\u064a\u0627 \u0628\u062d\u0642. \u0628\u062f\u0627\u064a\u0629 \u0641\u0627\u062a\u0651\u0628\u0639 \u0641\u0639\u0644 \u0643\u0644.","betube_watch_news_icon":"fa fa-bullhorn","betube_watch_news_icon_color":"#f44336","betube_watch_news_cats":["3","4","5","9","2","7","6"],"betube_watch_news_post_count":"10","betube_mag_favorite_on":"1","betube_mag_favorite_cats_list":["9","6"],"betube_mag_favorite_adv":"","betube_mag_recent_posts":"\u0627\u0644\u0645\u0634\u0627\u0631\u0643\u0627\u062a \u0627\u0644\u0627\u062e\u064a\u0631\u0629","betube_mag_recent_posts_desc":"\u062b\u0645 \u0645\u0639\u0642\u0644 \u0648\u064a\u0643\u064a\u0628\u064a\u062f\u064a\u0627 \u0628\u062d\u0642. \u0628\u062f\u0627\u064a\u0629 \u0641\u0627\u062a\u0651\u0628\u0639 \u0641\u0639\u0644 \u0643\u0644.","betube_mag_recent_posts_icon":"fa fa-bullhorn","betube_mag_recent_posts_color":"#40c4ff","betube_mag_recent_posts_cat_list":["3","4","5","9","2","7","6"],"betube_mag_recent_posts_type":{"image":"0","video":"0","audio":"0"},"betube_mag_recent_posts_count":"10","betube_mag_more_news_title":"\u0627\u0644\u0645\u0632\u064a\u062f \u0645\u0646 \u0627\u0644\u0623\u062e\u0628\u0627\u0631","betube_mag_more_news_desc":"\u062b\u0645 \u0645\u0639\u0642\u0644 \u0648\u064a\u0643\u064a\u0628\u064a\u062f\u064a\u0627 \u0628\u062d\u0642. \u0628\u062f\u0627\u064a\u0629 \u0641\u0627\u062a\u0651\u0628\u0639 \u0641\u0639\u0644 \u0643\u0644.","betube_mag_more_news_icon":"fa fa-bullhorn","betube_mag_more_news_color":"#3dbd5d","betube_mag_more_news_cat_list":["3","4","5","9","2","7","6"],"betube_mag_more_news_post_types":{"image":"0","video":"0","audio":"0"},"betube_mag_more_news_post_count":"4","betube_carousel_slider_off":"1","betube_mag_layout_manager":{"disabled":{"placebo":"placebo"},"enabled":{"placebo":"placebo","featuredmag":"Featured Posts","multicatsmag":"Multi Categories","watchnewsmag":"Watch News","favoritecatsmag":"Favorite Categories","recentmag":"Recent Posts Section","morenewsmag":"More News"}},"betube-landing-layout":{"disabled":{"placebo":"placebo","moviesv2":"Movies Slider V2","blogsection":"Blogs Posts","maincontent4":"FullWidth Videos Section"},"enabled":{"placebo":"placebo","layerslider":"LayerSlider","verticalslider":"Vertical Slider","caraslider":"Carousel Slider","featuredvideos":"Featured Videos Slider","homecategory":"Categories","maincontent":"Video Content","maincontent2":"Videos With Sidebar","maincontent3":"Videos With Sidebar BG","randomcat":"Random Categories","movies":"Movies Slider"}},"betube-vertical-slider-thumb":"2","betube-vertical-slider-cat":["1"],"betube-vertical-slider-count":"10","featured-caton":"0","featured-slider-on":"1","featured-cat":["9"],"featured-counter":"9","betube-cara-slider-category":["3","4","5","9","2","7","6"],"betube-cara-slider-count":"9","betube-tags-on":"1","betube-floting-video":"1","betube-plugin-adv":"1","betube-post-moderation-on":"2","betube-multi-player":"2","betube-custom-uploading":"2","betube_social_share_btn":"1","betube-default-player":"2","betube-single-video-layout":"2","betube_related_video_count":"3","login":"http:\/\/demo.beetube.me\/rtl\/login\/","register":"http:\/\/demo.beetube.me\/rtl\/register\/","profile":"http:\/\/demo.beetube.me\/rtl\/profile\/","edit-profile":"http:\/\/demo.beetube.me\/rtl\/edit-profile\/","new_post":"http:\/\/demo.beetube.me\/rtl\/add-post\/","edit_post":"http:\/\/demo.beetube.me\/rtl\/edit-video","all-cat-page-link":"","all-video-page-link":"http:\/\/demo.beetube.me\/rtl\/all-videos\/","all-video-single-user":"http:\/\/demo.beetube.me\/rtl\/user-video\/","all-followers":"http:\/\/demo.beetube.me\/rtl\/followers\/","reset":"http:\/\/demo.beetube.me\/rtl\/reset-password\/","termsandcondition":"http:\/\/demo.beetube.me\/rtl\/terms\/","all-favourite":"http:\/\/demo.beetube.me\/rtl\/favorite\/","betube-google-ads-for-blog":"<a href=\"#\"><img src=\"http:\/\/demo.beetube.me\/wp-content\/uploads\/2016\/05\/goodleadv.png\" alt=\"BeTube Ads\"><\/a>","betube-google-ads-for-category-page":"<a href=\"#\"><img src=\"http:\/\/demo.beetube.me\/wp-content\/uploads\/2016\/05\/goodleadv.png\" alt=\"BeTube Ads\"><\/a>","betube-google-ads-for-all-video-page":"<a href=\"#\"><img src=\"http:\/\/demo.beetube.me\/wp-content\/uploads\/2016\/05\/goodleadv.png\" alt=\"BeTube Ads\"><\/a>","betube-google-ads-header-v6":"<a href=\"#\"><img src=\"http:\/\/demo.beetube.me\/wp-content\/uploads\/2016\/05\/goodleadv.png\" alt=\"BeTube Ads\"><\/a>","betube-google-adv-boxed-v1":"","betube-google-adv-boxed-v2":"","facebook-link":"http:\/\/www.facebook.com\/joinwebs","twitter-link":"http:\/\/www.twitter.com\/joinwebs","dribbble-link":"http:\/\/dribbble.com\/joinwebs","flickr-link":"http:\/\/joinwebs.com","github-link":"http:\/\/joinwebs.com","pinterest-link":"http:\/\/joinwebs.com","youtube-link":"http:\/\/joinwebs.com","google-plus-link":"http:\/\/joinwebs.com","linkedin-link":"http:\/\/joinwebs.com","instagram-link":"http:\/\/joinwebs.com","vimeo-link":"http:\/\/joinwebs.com","twitter_user_name":"joinwebs","consumer_key":"wGJswi6el5wCIeEiwoO8xw","consumer_secret":"3fNYyeOof3Se9d6JqXT3SKgHJmM2fZU2038abckpYU","access_token":"508769927-TtT4N7uOJsUkSakVy83w8LImLZTuMkbmbSHlSV4H","access_token_secret":"gUC2tgbzFtgfDkPh5EUg0KEq9MGIYuZa4fpwmC7qTQo","betube-facebook-meta-on":"1","betubefbappid":"","betube-play-on-facebook":"1","betube-facebook-comment":"2","contact-map":"1","contact-email":"support@joinwebs.com","contact-email-error":"\u0644\u0642\u062f \u0623\u062f\u062e\u0644\u062a \u0628\u0631\u064a\u062f \u0625\u0644\u0643\u062a\u0631\u0648\u0646\u064a \u063a\u064a\u0631 \u0635\u0627\u0644\u062d.","contact-name-error":"\u0643\u0646\u062a \u0642\u062f \u0646\u0633\u064a\u062a \u0623\u0646 \u062a\u062f\u062e\u0644 \u0627\u0633\u0645\u0643.","contact-message-error":"\u0643\u0646\u062a \u0642\u062f \u0646\u0633\u064a\u062a \u0623\u0646 \u064a\u062f\u062e\u0644 \u0631\u0633\u0627\u0644\u062a\u0643.","contact-thankyou-message":"\u0634\u0643\u0631\u0627! \u0648\u0646\u062d\u0646 \u0633\u0648\u0641 \u0646\u0639\u0648\u062f \u0627\u0644\u064a\u0643\u0645 \u0641\u064a \u0623\u0642\u0631\u0628 \u0648\u0642\u062a \u0645\u0645\u0643\u0646.","betube_google_api":"AIzaSyDfJX83qTdC9jW-ICFJxRkoEX2C751_Zh8","contact-latitude":"31.516370","contact-longitude":"74.258727","contact-zoom":"16","betube-contact-title":"JoinWebs","betube-contact-address":"Lahore, Pakistan","contact-description":"\u0636\u0645\u0646\u0647\u0627 \u0641\u0631\u0646\u0633\u064a\u0629 \u0645\u0648\u0627\u0642\u0639\u0647\u0627 \u0625\u0630 \u0627\u0644\u0649, \u0644\u0645 \u0639\u0631\u0641\u0647\u0627 \u0627\u0644\u0625\u0637\u0644\u0627\u0642 \u0623\u062e\u0631. \u0627\u0644\u062e\u0637\u0651\u0629 \u0644\u064a\u062a\u0633\u0646\u0651\u0649 \u0627\u0644\u0623\u0631\u0636\u064a\u0629 \u0648 \u0648\u0642\u062f, \u0645\u0626\u0627\u062a \u0623\u0641\u0627\u0642 \u0623\u0648\u0631\u0627\u0642\u0647\u0645 \u0639\u062f\u0645 \u0643\u0644, \u0648 \u0627\u0644\u062c\u0646\u0648\u0628\u064a \u0648\u0647\u0648\u0644\u0646\u062f\u0627\u060c \u0645\u0645\u0627. \u062f\u0648\u0646 \u0642\u062f \u0628\u0632\u0645\u0627\u0645 \u0623\u062f\u0648\u0627\u062a \u0648\u0645\u062d\u0627\u0648\u0644\u0629. \u0628\u0640 \u0645\u064a\u0646\u0627\u0621 \u0645\u0639\u0632\u0651\u0632\u0629 \u0627\u0644\u0623\u0628\u0631\u064a\u0627\u0621 \u062d\u062f\u0649. \u062a\u0645 \u0648\u0645\u0646 \u064a\u062a\u0639\u0644\u0651\u0642 \u062a\u0643\u062a\u064a\u0643\u0627\u064b.","contact-address":"Our business address is 1063 Freelon Street San Francisco, CA 95108","contact-phone":"021.343.7575","contact-fax":"021.343.7576","betube-color-title":"#444444","betube_body_color":"#f0f0f0","betube-primary-color":"#e96969","betube-secondary-color":"#444444","betube-breadcrumb-bg":"#444444","betube-breadcrumb-txt-color":"#aaaaaa","betube-vertical-slider-bg":"#303030","betube-sidebar-color":"#f0f0f0","betube-footer-bg-color":"#444444","betube-footer-heading-color":"#ececec","betube-footer-text-color":"#aaaaaa","betube-footer-tag-bg":"#6c6c6c","betube-footer-bottom-bg":"#2e2e2e","body-font":{"font-family":"Open Sans","font-options":"","google":"1","font-weight":"400","font-style":"","subsets":"","text-align":"","font-size":"13px","line-height":"24px","color":"#6c6c6c"},"heding1-font":{"font-family":"Open Sans","font-options":"","google":"1","font-weight":"700","font-style":"","subsets":"","text-align":"","font-size":"36px","line-height":"36px","color":"#444"},"heding2-font":{"font-family":"Open Sans","font-options":"","google":"1","font-weight":"700","font-style":"","subsets":"","text-align":"","font-size":"30px","line-height":"30px","color":"#444"},"heding3-font":{"font-family":"Open Sans","font-options":"","google":"1","font-weight":"700","font-style":"","subsets":"","text-align":"","font-size":"24px","line-height":"24px","color":"#444"},"heding4-font":{"font-family":"Open Sans","font-options":"","google":"1","font-weight":"700","font-style":"","subsets":"","text-align":"","font-size":"18px","line-height":"18px","color":"#444"},"heding5-font":{"font-family":"Open Sans","font-options":"","google":"1","font-weight":"700","font-style":"","subsets":"","text-align":"","font-size":"16px","line-height":"16px","color":"#444"},"heding6-font":{"font-family":"Open Sans","font-options":"","google":"1","font-weight":"700","font-style":"","subsets":"","text-align":"","font-size":"14px","line-height":"14px","color":"#444"},"redux-backup":"1"}