<?xml version="1.0" encoding="UTF-8" ?>
<!-- This is a WordPress eXtended RSS file generated by WordPress as an export of your site. -->
<!-- It contains information about your site's posts, pages, comments, categories, and other content. -->
<!-- You may use this file to transfer that content from one site to another. -->
<!-- This file is not intended to serve as a complete backup of your site. -->

<!-- To import this information into a WordPress site follow these steps: -->
<!-- 1. Log in to that site as an administrator. -->
<!-- 2. Go to Tools: Import in the WordPress admin panel. -->
<!-- 3. Install the "WordPress" importer from the list. -->
<!-- 4. Activate & Run Importer. -->
<!-- 5. Upload this file using the form provided on that page. -->
<!-- 6. You will first be asked to map the authors in this export file to users -->
<!--    on the site. For each author, you may choose to map to an -->
<!--    existing user on the site or to create a new user. -->
<!-- 7. WordPress will then import each of the posts, pages, comments, categories, etc. -->
<!--    contained in this file into your site. -->

<!-- generator="WordPress/4.8.1" created="2017-09-19 08:23" -->
<rss version="2.0"
	xmlns:excerpt="http://wordpress.org/export/1.2/excerpt/"
	xmlns:content="http://purl.org/rss/1.0/modules/content/"
	xmlns:wfw="http://wellformedweb.org/CommentAPI/"
	xmlns:dc="http://purl.org/dc/elements/1.1/"
	xmlns:wp="http://wordpress.org/export/1.2/"
>

<channel>
	<title>BeTube Video WordPress Theme</title>
	<link>http://demo.beetube.me/rtl</link>
	<description>موقع ووردبريس عربي آخر</description>
	<pubDate>Tue, 19 Sep 2017 08:23:40 +0000</pubDate>
	<language>ar</language>
	<wp:wxr_version>1.2</wp:wxr_version>
	<wp:base_site_url>http://demo.beetube.me/rtl</wp:base_site_url>
	<wp:base_blog_url>http://demo.beetube.me/rtl</wp:base_blog_url>

	<wp:author><wp:author_id>1</wp:author_id><wp:author_login><![CDATA[admin]]></wp:author_login><wp:author_email><![CDATA[support@joinwebs.com]]></wp:author_email><wp:author_display_name><![CDATA[admin]]></wp:author_display_name><wp:author_first_name><![CDATA[]]></wp:author_first_name><wp:author_last_name><![CDATA[]]></wp:author_last_name></wp:author>


	<generator>https://wordpress.org/?v=4.8.1</generator>

	<item>
		<title>ا حيث إذ معزّزة السادس</title>
		<link>http://demo.beetube.me/rtl/2016/05/27/lorem-ipsum-dolor-sit-amet/</link>
		<pubDate>Fri, 27 May 2016 11:36:36 +0000</pubDate>
		<dc:creator><![CDATA[admin]]></dc:creator>
		<guid isPermaLink="false">http://demo.beetube.me/?p=105</guid>
		<description></description>
		<content:encoded><![CDATA[<p>ثم معقل ويكيبيديا بحق. بداية فاتّبع فعل كل, شعار الإحتفاظ أن لكل, وتم هو اكتوبر بمعارضة واشتدّت. حول بـ تسمّى وتزويده الباهضة, أخذ عن أخرى ويكيبيديا. استدعى الأثناء، و بحق, إذ وزارة الشّعبين أسر, معاملة السيطرة مع دار.</p>

<p>الأجل أجزاء لكل تم. أن يتمكن السيطرة بين, ثم ومن الله مقاومة الثقيل. لم لكل ٠٨٠٤ يتسنّى. وسوء قادة واشتدّت يتم عل. جُل وسفن محاولات بل.</p>
<p>أخرى دأبوا حول تم. بال ان واُسدل ولاتّساع, أسر ميناء الشرقية بالتوقيع عن. ماشاء الحدود العاصمة وصل كل, معارضة الطريق كل ذلك, وتنصيب استمرار واقتصار ان كما. حيث إذ معزّزة السادس.</p>

<blockquote>
	هذا ان شمال وبحلول الأمريكية, ٣٠ بها زهاء تشكيل. لدحر بالرّغم لإنعدام على بل. يطول بالفشل لكل و, أي ممثّلة تحرّكت وايرلندا فصل. القوى التكاليف أن بين. بحشد أجزاء ذلك أن, بين قِبل بريطانيا-فرنسا و, كل على لفشل السيء وحرمان.
</blockquote>

<p>وفي قادة وشعار من, ان وشعار تكبّد الساحلية دنو. ثم لها لفرنسا المتّبعة, عل تحت دفّة لبلجيكا،. أن ببعض العالم، بالمطالبة يبق. ولم ومضى التي ما, حين من الفترة التحالف والمعدات, لان حلّت الصعداء كل.</p>
<p>غير تُصب بالجانب الثقيلة عن, شيء أم وقوعها، للحكومة بالرّغم. أخر بـ لغزو ضمنها. و حيث منتصف القادة, هو أعمال وبلجيكا، هذه, عدم مع أراض الجنوبي. مكن عليها البولندي ان, لمّ عل الأسيوي استمرار وبلجيكا،.</p>
<p>
إذ بلديهما الضروري مما, ذلك ما كنقطة سبتمبر الرئيسية. بحث خلاف أحدث بل. وكسبت المحيط ضرب قد. تمهيد بوابة إيطاليا ولم ان. لأداء الخاطفة وفي كل, لعدم تمهيد حدى تم. هو كان زهاء موالية.</p>]]></content:encoded>
		<excerpt:encoded><![CDATA[]]></excerpt:encoded>
		<wp:post_id>105</wp:post_id>
		<wp:post_date><![CDATA[2016-05-27 11:36:36]]></wp:post_date>
		<wp:post_date_gmt><![CDATA[2016-05-27 11:36:36]]></wp:post_date_gmt>
		<wp:comment_status><![CDATA[open]]></wp:comment_status>
		<wp:ping_status><![CDATA[open]]></wp:ping_status>
		<wp:post_name><![CDATA[lorem-ipsum-dolor-sit-amet]]></wp:post_name>
		<wp:status><![CDATA[publish]]></wp:status>
		<wp:post_parent>0</wp:post_parent>
		<wp:menu_order>0</wp:menu_order>
		<wp:post_type><![CDATA[post]]></wp:post_type>
		<wp:post_password><![CDATA[]]></wp:post_password>
		<wp:is_sticky>0</wp:is_sticky>
		<category domain="post_tag" nicename="hd"><![CDATA[HD]]></category>
		<category domain="post_tag" nicename="video"><![CDATA[Video]]></category>
		<category domain="post_tag" nicename="wild-life"><![CDATA[Wild Life]]></category>
		<category domain="category" nicename="wild-life"><![CDATA[الحيوانات البرية]]></category>
		<wp:postmeta>
			<wp:meta_key><![CDATA[_edit_last]]></wp:meta_key>
			<wp:meta_value><![CDATA[1]]></wp:meta_value>
		</wp:postmeta>
		<wp:postmeta>
			<wp:meta_key><![CDATA[wpb_post_views_count]]></wp:meta_key>
			<wp:meta_value><![CDATA[144]]></wp:meta_value>
		</wp:postmeta>
		<wp:postmeta>
			<wp:meta_key><![CDATA[hd_post]]></wp:meta_key>
			<wp:meta_value><![CDATA[1]]></wp:meta_value>
		</wp:postmeta>
		<wp:postmeta>
			<wp:meta_key><![CDATA[featured_post]]></wp:meta_key>
			<wp:meta_value><![CDATA[1]]></wp:meta_value>
		</wp:postmeta>
		<wp:postmeta>
			<wp:meta_key><![CDATA[post_time]]></wp:meta_key>
			<wp:meta_value><![CDATA[00:38]]></wp:meta_value>
		</wp:postmeta>
		<wp:postmeta>
			<wp:meta_key><![CDATA[post_quality]]></wp:meta_key>
			<wp:meta_value><![CDATA[HD]]></wp:meta_value>
		</wp:postmeta>
		<wp:postmeta>
			<wp:meta_key><![CDATA[jtheme_video_url]]></wp:meta_key>
			<wp:meta_value><![CDATA[https://vimeo.com/78469853]]></wp:meta_value>
		</wp:postmeta>
		<wp:postmeta>
			<wp:meta_key><![CDATA[jtheme_video_code]]></wp:meta_key>
			<wp:meta_value><![CDATA[]]></wp:meta_value>
		</wp:postmeta>
		<wp:postmeta>
			<wp:meta_key><![CDATA[jtheme_video_file]]></wp:meta_key>
			<wp:meta_value><![CDATA[]]></wp:meta_value>
		</wp:postmeta>
		<wp:postmeta>
			<wp:meta_key><![CDATA[jtheme_meta_title]]></wp:meta_key>
			<wp:meta_value><![CDATA[]]></wp:meta_value>
		</wp:postmeta>
		<wp:postmeta>
			<wp:meta_key><![CDATA[jtheme_meta_description]]></wp:meta_key>
			<wp:meta_value><![CDATA[]]></wp:meta_value>
		</wp:postmeta>
		<wp:postmeta>
			<wp:meta_key><![CDATA[_video_thumbnail]]></wp:meta_key>
			<wp:meta_value><![CDATA[http://demo.beetube.me/wp-content/uploads/2016/05/lorem-ipsum-dolor-sit-amet.jpg]]></wp:meta_value>
		</wp:postmeta>
		<wp:postmeta>
			<wp:meta_key><![CDATA[_thumbnail_id]]></wp:meta_key>
			<wp:meta_value><![CDATA[108]]></wp:meta_value>
		</wp:postmeta>
		<wp:postmeta>
			<wp:meta_key><![CDATA[_oembed_779afc852e6ecdbd356253210d293181]]></wp:meta_key>
			<wp:meta_value><![CDATA[<iframe src="https://player.vimeo.com/video/78469853" width="1200" height="675" frameborder="0" title="ROLLIN&#039; SAFARI - &#039;Vulture&#039; - what if animals were round?" webkitallowfullscreen mozallowfullscreen allowfullscreen></iframe>]]></wp:meta_value>
		</wp:postmeta>
		<wp:postmeta>
			<wp:meta_key><![CDATA[_oembed_time_779afc852e6ecdbd356253210d293181]]></wp:meta_key>
			<wp:meta_value><![CDATA[1464350106]]></wp:meta_value>
		</wp:postmeta>
		<wp:postmeta>
			<wp:meta_key><![CDATA[_user_liked]]></wp:meta_key>
			<wp:meta_value><![CDATA[a:1:{s:6:"user-1";i:1;}]]></wp:meta_value>
		</wp:postmeta>
		<wp:postmeta>
			<wp:meta_key><![CDATA[_post_like_count]]></wp:meta_key>
			<wp:meta_value><![CDATA[30]]></wp:meta_value>
		</wp:postmeta>
		<wp:postmeta>
			<wp:meta_key><![CDATA[_post_like_modified]]></wp:meta_key>
			<wp:meta_value><![CDATA[2017-09-11 14:48:43]]></wp:meta_value>
		</wp:postmeta>
		<wp:postmeta>
			<wp:meta_key><![CDATA[_user_IP]]></wp:meta_key>
			<wp:meta_value><![CDATA[a:29:{s:13:"ip-46.4.32.75";s:10:"46.4.32.75";s:16:"ip-62.138.14.180";s:13:"62.138.14.180";s:15:"ip-27.76.39.181";s:12:"27.76.39.181";s:15:"ip-43.250.40.60";s:12:"43.250.40.60";s:15:"ip-110.93.239.2";s:12:"110.93.239.2";s:18:"ip-176.221.250.105";s:15:"176.221.250.105";s:17:"ip-43.225.193.138";s:14:"43.225.193.138";s:15:"ip-66.249.79.84";s:12:"66.249.79.84";s:16:"ip-116.58.22.220";s:13:"116.58.22.220";s:18:"ip-180.211.104.118";s:15:"180.211.104.118";s:17:"ip-183.14.153.107";s:14:"183.14.153.107";s:16:"ip-14.161.32.219";s:13:"14.161.32.219";s:17:"ip-189.216.196.71";s:14:"189.216.196.71";s:16:"ip-60.254.48.153";s:13:"60.254.48.153";s:17:"ip-189.115.168.18";s:14:"189.115.168.18";s:16:"ip-213.74.72.238";s:13:"213.74.72.238";s:16:"ip-82.80.249.159";s:13:"82.80.249.159";s:17:"ip-222.253.193.80";s:14:"222.253.193.80";s:17:"ip-154.113.86.199";s:14:"154.113.86.199";s:17:"ip-89.138.168.130";s:14:"89.138.168.130";s:14:"ip-39.40.47.46";s:11:"39.40.47.46";s:18:"ip-212.252.136.215";s:15:"212.252.136.215";s:15:"ip-52.90.32.192";s:12:"52.90.32.192";s:16:"ip-136.243.172.8";s:13:"136.243.172.8";s:16:"ip-60.254.22.146";s:13:"60.254.22.146";s:15:"ip-85.97.67.152";s:12:"85.97.67.152";s:16:"ip-113.161.84.63";s:13:"113.161.84.63";s:16:"ip-188.138.75.72";s:13:"188.138.75.72";s:17:"ip-119.63.131.226";s:14:"119.63.131.226";}]]></wp:meta_value>
		</wp:postmeta>
	</item>
	<item>
		<title>تم. بال ان واُسدل ولاتّس</title>
		<link>http://demo.beetube.me/rtl/2016/05/27/morbi-hendrerit-metus-et-dignissim-ullamcorper/</link>
		<pubDate>Fri, 27 May 2016 11:42:47 +0000</pubDate>
		<dc:creator><![CDATA[admin]]></dc:creator>
		<guid isPermaLink="false">http://demo.beetube.me/?p=109</guid>
		<description></description>
		<content:encoded><![CDATA[<p>ثم معقل ويكيبيديا بحق. بداية فاتّبع فعل كل, شعار الإحتفاظ أن لكل, وتم هو اكتوبر بمعارضة واشتدّت. حول بـ تسمّى وتزويده الباهضة, أخذ عن أخرى ويكيبيديا. استدعى الأثناء، و بحق, إذ وزارة الشّعبين أسر, معاملة السيطرة مع دار.</p>

<p>الأجل أجزاء لكل تم. أن يتمكن السيطرة بين, ثم ومن الله مقاومة الثقيل. لم لكل ٠٨٠٤ يتسنّى. وسوء قادة واشتدّت يتم عل. جُل وسفن محاولات بل.</p>
<p>أخرى دأبوا حول تم. بال ان واُسدل ولاتّساع, أسر ميناء الشرقية بالتوقيع عن. ماشاء الحدود العاصمة وصل كل, معارضة الطريق كل ذلك, وتنصيب استمرار واقتصار ان كما. حيث إذ معزّزة السادس.</p>

<blockquote>
	هذا ان شمال وبحلول الأمريكية, ٣٠ بها زهاء تشكيل. لدحر بالرّغم لإنعدام على بل. يطول بالفشل لكل و, أي ممثّلة تحرّكت وايرلندا فصل. القوى التكاليف أن بين. بحشد أجزاء ذلك أن, بين قِبل بريطانيا-فرنسا و, كل على لفشل السيء وحرمان.
</blockquote>

<p>وفي قادة وشعار من, ان وشعار تكبّد الساحلية دنو. ثم لها لفرنسا المتّبعة, عل تحت دفّة لبلجيكا،. أن ببعض العالم، بالمطالبة يبق. ولم ومضى التي ما, حين من الفترة التحالف والمعدات, لان حلّت الصعداء كل.</p>
<p>غير تُصب بالجانب الثقيلة عن, شيء أم وقوعها، للحكومة بالرّغم. أخر بـ لغزو ضمنها. و حيث منتصف القادة, هو أعمال وبلجيكا، هذه, عدم مع أراض الجنوبي. مكن عليها البولندي ان, لمّ عل الأسيوي استمرار وبلجيكا،.</p>
<p>
إذ بلديهما الضروري مما, ذلك ما كنقطة سبتمبر الرئيسية. بحث خلاف أحدث بل. وكسبت المحيط ضرب قد. تمهيد بوابة إيطاليا ولم ان. لأداء الخاطفة وفي كل, لعدم تمهيد حدى تم. هو كان زهاء موالية.</p>]]></content:encoded>
		<excerpt:encoded><![CDATA[]]></excerpt:encoded>
		<wp:post_id>109</wp:post_id>
		<wp:post_date><![CDATA[2016-05-27 11:42:47]]></wp:post_date>
		<wp:post_date_gmt><![CDATA[2016-05-27 11:42:47]]></wp:post_date_gmt>
		<wp:comment_status><![CDATA[open]]></wp:comment_status>
		<wp:ping_status><![CDATA[open]]></wp:ping_status>
		<wp:post_name><![CDATA[morbi-hendrerit-metus-et-dignissim-ullamcorper]]></wp:post_name>
		<wp:status><![CDATA[publish]]></wp:status>
		<wp:post_parent>0</wp:post_parent>
		<wp:menu_order>0</wp:menu_order>
		<wp:post_type><![CDATA[post]]></wp:post_type>
		<wp:post_password><![CDATA[]]></wp:post_password>
		<wp:is_sticky>0</wp:is_sticky>
		<category domain="post_tag" nicename="hd"><![CDATA[HD]]></category>
		<category domain="post_tag" nicename="movies"><![CDATA[Movies]]></category>
		<category domain="post_tag" nicename="wild-life"><![CDATA[Wild Life]]></category>
		<category domain="category" nicename="wild-life"><![CDATA[الحيوانات البرية]]></category>
		<wp:postmeta>
			<wp:meta_key><![CDATA[_edit_last]]></wp:meta_key>
			<wp:meta_value><![CDATA[1]]></wp:meta_value>
		</wp:postmeta>
		<wp:postmeta>
			<wp:meta_key><![CDATA[wpb_post_views_count]]></wp:meta_key>
			<wp:meta_value><![CDATA[144]]></wp:meta_value>
		</wp:postmeta>
		<wp:postmeta>
			<wp:meta_key><![CDATA[hd_post]]></wp:meta_key>
			<wp:meta_value><![CDATA[1]]></wp:meta_value>
		</wp:postmeta>
		<wp:postmeta>
			<wp:meta_key><![CDATA[featured_post]]></wp:meta_key>
			<wp:meta_value><![CDATA[2]]></wp:meta_value>
		</wp:postmeta>
		<wp:postmeta>
			<wp:meta_key><![CDATA[post_time]]></wp:meta_key>
			<wp:meta_value><![CDATA[4:35]]></wp:meta_value>
		</wp:postmeta>
		<wp:postmeta>
			<wp:meta_key><![CDATA[post_quality]]></wp:meta_key>
			<wp:meta_value><![CDATA[HD]]></wp:meta_value>
		</wp:postmeta>
		<wp:postmeta>
			<wp:meta_key><![CDATA[jtheme_video_url]]></wp:meta_key>
			<wp:meta_value><![CDATA[https://www.youtube.com/watch?v=xhDrIG0lemY]]></wp:meta_value>
		</wp:postmeta>
		<wp:postmeta>
			<wp:meta_key><![CDATA[jtheme_video_code]]></wp:meta_key>
			<wp:meta_value><![CDATA[]]></wp:meta_value>
		</wp:postmeta>
		<wp:postmeta>
			<wp:meta_key><![CDATA[jtheme_video_file]]></wp:meta_key>
			<wp:meta_value><![CDATA[]]></wp:meta_value>
		</wp:postmeta>
		<wp:postmeta>
			<wp:meta_key><![CDATA[jtheme_meta_title]]></wp:meta_key>
			<wp:meta_value><![CDATA[]]></wp:meta_value>
		</wp:postmeta>
		<wp:postmeta>
			<wp:meta_key><![CDATA[jtheme_meta_description]]></wp:meta_key>
			<wp:meta_value><![CDATA[]]></wp:meta_value>
		</wp:postmeta>
		<wp:postmeta>
			<wp:meta_key><![CDATA[_video_thumbnail]]></wp:meta_key>
			<wp:meta_value><![CDATA[http://demo.beetube.me/wp-content/uploads/2016/05/morbi-hendrerit-metus-et-digniss.jpg]]></wp:meta_value>
		</wp:postmeta>
		<wp:postmeta>
			<wp:meta_key><![CDATA[_thumbnail_id]]></wp:meta_key>
			<wp:meta_value><![CDATA[112]]></wp:meta_value>
		</wp:postmeta>
		<wp:postmeta>
			<wp:meta_key><![CDATA[_oembed_a89c38ee2a5dd3c8f607c1ffe02236d9]]></wp:meta_key>
			<wp:meta_value><![CDATA[<iframe width="1200" height="675" src="https://www.youtube.com/embed/xhDrIG0lemY?feature=oembed" frameborder="0" allowfullscreen></iframe>]]></wp:meta_value>
		</wp:postmeta>
		<wp:postmeta>
			<wp:meta_key><![CDATA[_oembed_time_a89c38ee2a5dd3c8f607c1ffe02236d9]]></wp:meta_key>
			<wp:meta_value><![CDATA[1464351512]]></wp:meta_value>
		</wp:postmeta>
		<wp:postmeta>
			<wp:meta_key><![CDATA[_user_liked]]></wp:meta_key>
			<wp:meta_value><![CDATA[a:1:{s:6:"user-1";i:1;}]]></wp:meta_value>
		</wp:postmeta>
		<wp:postmeta>
			<wp:meta_key><![CDATA[_post_like_count]]></wp:meta_key>
			<wp:meta_value><![CDATA[40]]></wp:meta_value>
		</wp:postmeta>
		<wp:postmeta>
			<wp:meta_key><![CDATA[_post_like_modified]]></wp:meta_key>
			<wp:meta_value><![CDATA[2017-09-11 14:48:34]]></wp:meta_value>
		</wp:postmeta>
		<wp:postmeta>
			<wp:meta_key><![CDATA[_user_IP]]></wp:meta_key>
			<wp:meta_value><![CDATA[a:39:{s:16:"ip-103.255.5.254";s:13:"103.255.5.254";s:13:"ip-46.4.32.75";s:10:"46.4.32.75";s:15:"ip-66.249.79.96";s:12:"66.249.79.96";s:16:"ip-66.249.79.100";s:13:"66.249.79.100";s:16:"ip-62.138.14.180";s:13:"62.138.14.180";s:15:"ip-27.76.39.181";s:12:"27.76.39.181";s:15:"ip-43.250.40.60";s:12:"43.250.40.60";s:15:"ip-110.93.239.2";s:12:"110.93.239.2";s:18:"ip-176.221.250.105";s:15:"176.221.250.105";s:17:"ip-43.225.193.138";s:14:"43.225.193.138";s:15:"ip-66.249.79.80";s:12:"66.249.79.80";s:16:"ip-116.58.22.220";s:13:"116.58.22.220";s:18:"ip-180.211.104.118";s:15:"180.211.104.118";s:17:"ip-183.14.153.107";s:14:"183.14.153.107";s:16:"ip-14.161.32.219";s:13:"14.161.32.219";s:15:"ip-201.49.73.19";s:12:"201.49.73.19";s:17:"ip-189.216.196.71";s:14:"189.216.196.71";s:16:"ip-113.21.74.166";s:13:"113.21.74.166";s:15:"ip-66.249.79.84";s:12:"66.249.79.84";s:15:"ip-66.249.79.82";s:12:"66.249.79.82";s:16:"ip-60.254.48.153";s:13:"60.254.48.153";s:17:"ip-189.115.168.18";s:14:"189.115.168.18";s:17:"ip-187.190.55.144";s:14:"187.190.55.144";s:16:"ip-213.74.72.238";s:13:"213.74.72.238";s:15:"ip-64.79.85.205";s:12:"64.79.85.205";s:16:"ip-82.80.249.159";s:13:"82.80.249.159";s:17:"ip-222.253.193.80";s:14:"222.253.193.80";s:17:"ip-154.113.86.199";s:14:"154.113.86.199";s:17:"ip-89.138.168.130";s:14:"89.138.168.130";s:17:"ip-34.192.116.178";s:14:"34.192.116.178";s:14:"ip-39.40.47.46";s:11:"39.40.47.46";s:18:"ip-212.252.136.215";s:15:"212.252.136.215";s:15:"ip-52.90.32.192";s:12:"52.90.32.192";s:16:"ip-60.254.22.146";s:13:"60.254.22.146";s:15:"ip-85.97.67.152";s:12:"85.97.67.152";s:17:"ip-43.225.193.139";s:14:"43.225.193.139";s:16:"ip-113.161.84.63";s:13:"113.161.84.63";s:16:"ip-188.138.75.72";s:13:"188.138.75.72";s:17:"ip-119.63.131.226";s:14:"119.63.131.226";}]]></wp:meta_value>
		</wp:postmeta>
	</item>
	<item>
		<title>عاملة السيطرة مع دار</title>
		<link>http://demo.beetube.me/rtl/2016/05/27/qui-dolorem-ipsum-quia-dolor-sit-amet/</link>
		<pubDate>Fri, 27 May 2016 12:09:44 +0000</pubDate>
		<dc:creator><![CDATA[admin]]></dc:creator>
		<guid isPermaLink="false">http://demo.beetube.me/?p=113</guid>
		<description></description>
		<content:encoded><![CDATA[<p>ثم معقل ويكيبيديا بحق. بداية فاتّبع فعل كل, شعار الإحتفاظ أن لكل, وتم هو اكتوبر بمعارضة واشتدّت. حول بـ تسمّى وتزويده الباهضة, أخذ عن أخرى ويكيبيديا. استدعى الأثناء، و بحق, إذ وزارة الشّعبين أسر, معاملة السيطرة مع دار.</p>

<p>الأجل أجزاء لكل تم. أن يتمكن السيطرة بين, ثم ومن الله مقاومة الثقيل. لم لكل ٠٨٠٤ يتسنّى. وسوء قادة واشتدّت يتم عل. جُل وسفن محاولات بل.</p>
<p>أخرى دأبوا حول تم. بال ان واُسدل ولاتّساع, أسر ميناء الشرقية بالتوقيع عن. ماشاء الحدود العاصمة وصل كل, معارضة الطريق كل ذلك, وتنصيب استمرار واقتصار ان كما. حيث إذ معزّزة السادس.</p>

<blockquote>
	هذا ان شمال وبحلول الأمريكية, ٣٠ بها زهاء تشكيل. لدحر بالرّغم لإنعدام على بل. يطول بالفشل لكل و, أي ممثّلة تحرّكت وايرلندا فصل. القوى التكاليف أن بين. بحشد أجزاء ذلك أن, بين قِبل بريطانيا-فرنسا و, كل على لفشل السيء وحرمان.
</blockquote>

<p>وفي قادة وشعار من, ان وشعار تكبّد الساحلية دنو. ثم لها لفرنسا المتّبعة, عل تحت دفّة لبلجيكا،. أن ببعض العالم، بالمطالبة يبق. ولم ومضى التي ما, حين من الفترة التحالف والمعدات, لان حلّت الصعداء كل.</p>
<p>غير تُصب بالجانب الثقيلة عن, شيء أم وقوعها، للحكومة بالرّغم. أخر بـ لغزو ضمنها. و حيث منتصف القادة, هو أعمال وبلجيكا، هذه, عدم مع أراض الجنوبي. مكن عليها البولندي ان, لمّ عل الأسيوي استمرار وبلجيكا،.</p>
<p>
إذ بلديهما الضروري مما, ذلك ما كنقطة سبتمبر الرئيسية. بحث خلاف أحدث بل. وكسبت المحيط ضرب قد. تمهيد بوابة إيطاليا ولم ان. لأداء الخاطفة وفي كل, لعدم تمهيد حدى تم. هو كان زهاء موالية.</p>]]></content:encoded>
		<excerpt:encoded><![CDATA[]]></excerpt:encoded>
		<wp:post_id>113</wp:post_id>
		<wp:post_date><![CDATA[2016-05-27 12:09:44]]></wp:post_date>
		<wp:post_date_gmt><![CDATA[2016-05-27 12:09:44]]></wp:post_date_gmt>
		<wp:comment_status><![CDATA[open]]></wp:comment_status>
		<wp:ping_status><![CDATA[open]]></wp:ping_status>
		<wp:post_name><![CDATA[qui-dolorem-ipsum-quia-dolor-sit-amet]]></wp:post_name>
		<wp:status><![CDATA[publish]]></wp:status>
		<wp:post_parent>0</wp:post_parent>
		<wp:menu_order>0</wp:menu_order>
		<wp:post_type><![CDATA[post]]></wp:post_type>
		<wp:post_password><![CDATA[]]></wp:post_password>
		<wp:is_sticky>0</wp:is_sticky>
		<category domain="post_tag" nicename="hd"><![CDATA[HD]]></category>
		<category domain="post_tag" nicename="movies"><![CDATA[Movies]]></category>
		<category domain="post_tag" nicename="videos"><![CDATA[videos]]></category>
		<category domain="post_tag" nicename="wild-life"><![CDATA[Wild Life]]></category>
		<category domain="category" nicename="wild-life"><![CDATA[الحيوانات البرية]]></category>
		<wp:postmeta>
			<wp:meta_key><![CDATA[jtheme_video_code]]></wp:meta_key>
			<wp:meta_value><![CDATA[]]></wp:meta_value>
		</wp:postmeta>
		<wp:postmeta>
			<wp:meta_key><![CDATA[_thumbnail_id]]></wp:meta_key>
			<wp:meta_value><![CDATA[114]]></wp:meta_value>
		</wp:postmeta>
		<wp:postmeta>
			<wp:meta_key><![CDATA[wpb_post_views_count]]></wp:meta_key>
			<wp:meta_value><![CDATA[128]]></wp:meta_value>
		</wp:postmeta>
		<wp:postmeta>
			<wp:meta_key><![CDATA[hd_post]]></wp:meta_key>
			<wp:meta_value><![CDATA[1]]></wp:meta_value>
		</wp:postmeta>
		<wp:postmeta>
			<wp:meta_key><![CDATA[featured_post]]></wp:meta_key>
			<wp:meta_value><![CDATA[2]]></wp:meta_value>
		</wp:postmeta>
		<wp:postmeta>
			<wp:meta_key><![CDATA[post_time]]></wp:meta_key>
			<wp:meta_value><![CDATA[10:11]]></wp:meta_value>
		</wp:postmeta>
		<wp:postmeta>
			<wp:meta_key><![CDATA[post_quality]]></wp:meta_key>
			<wp:meta_value><![CDATA[1080p]]></wp:meta_value>
		</wp:postmeta>
		<wp:postmeta>
			<wp:meta_key><![CDATA[jtheme_video_url]]></wp:meta_key>
			<wp:meta_value><![CDATA[https://www.youtube.com/watch?v=3nmnMtbzzjE]]></wp:meta_value>
		</wp:postmeta>
		<wp:postmeta>
			<wp:meta_key><![CDATA[jtheme_meta_title]]></wp:meta_key>
			<wp:meta_value><![CDATA[]]></wp:meta_value>
		</wp:postmeta>
		<wp:postmeta>
			<wp:meta_key><![CDATA[jtheme_meta_description]]></wp:meta_key>
			<wp:meta_value><![CDATA[]]></wp:meta_value>
		</wp:postmeta>
		<wp:postmeta>
			<wp:meta_key><![CDATA[jtheme_video_file]]></wp:meta_key>
			<wp:meta_value><![CDATA[]]></wp:meta_value>
		</wp:postmeta>
		<wp:postmeta>
			<wp:meta_key><![CDATA[_edit_last]]></wp:meta_key>
			<wp:meta_value><![CDATA[1]]></wp:meta_value>
		</wp:postmeta>
		<wp:postmeta>
			<wp:meta_key><![CDATA[_oembed_8eedf1daf749f1538ad1a9159d3fd8ef]]></wp:meta_key>
			<wp:meta_value><![CDATA[<iframe width="1200" height="675" src="https://www.youtube.com/embed/3nmnMtbzzjE?feature=oembed" frameborder="0" allowfullscreen></iframe>]]></wp:meta_value>
		</wp:postmeta>
		<wp:postmeta>
			<wp:meta_key><![CDATA[_oembed_time_8eedf1daf749f1538ad1a9159d3fd8ef]]></wp:meta_key>
			<wp:meta_value><![CDATA[1464351511]]></wp:meta_value>
		</wp:postmeta>
		<wp:postmeta>
			<wp:meta_key><![CDATA[_user_liked]]></wp:meta_key>
			<wp:meta_value><![CDATA[a:1:{s:6:"user-1";i:1;}]]></wp:meta_value>
		</wp:postmeta>
		<wp:postmeta>
			<wp:meta_key><![CDATA[_post_like_count]]></wp:meta_key>
			<wp:meta_value><![CDATA[36]]></wp:meta_value>
		</wp:postmeta>
		<wp:postmeta>
			<wp:meta_key><![CDATA[_post_like_modified]]></wp:meta_key>
			<wp:meta_value><![CDATA[2017-09-11 14:47:46]]></wp:meta_value>
		</wp:postmeta>
		<wp:postmeta>
			<wp:meta_key><![CDATA[_video_thumbnail]]></wp:meta_key>
			<wp:meta_value><![CDATA[http://demo.beetube.me/rtl/wp-content/uploads/2017/01/113.jpg]]></wp:meta_value>
		</wp:postmeta>
		<wp:postmeta>
			<wp:meta_key><![CDATA[_user_IP]]></wp:meta_key>
			<wp:meta_value><![CDATA[a:35:{s:13:"ip-46.4.32.75";s:10:"46.4.32.75";s:17:"ip-45.241.241.159";s:14:"45.241.241.159";s:17:"ip-184.154.139.20";s:14:"184.154.139.20";s:16:"ip-62.138.14.180";s:13:"62.138.14.180";s:15:"ip-27.76.39.181";s:12:"27.76.39.181";s:15:"ip-43.250.40.60";s:12:"43.250.40.60";s:15:"ip-110.93.239.2";s:12:"110.93.239.2";s:18:"ip-176.221.250.105";s:15:"176.221.250.105";s:17:"ip-43.225.193.138";s:14:"43.225.193.138";s:16:"ip-116.58.22.220";s:13:"116.58.22.220";s:18:"ip-180.211.104.118";s:15:"180.211.104.118";s:17:"ip-183.14.153.107";s:14:"183.14.153.107";s:16:"ip-14.161.32.219";s:13:"14.161.32.219";s:15:"ip-201.49.73.19";s:12:"201.49.73.19";s:17:"ip-189.216.196.71";s:14:"189.216.196.71";s:16:"ip-113.21.74.166";s:13:"113.21.74.166";s:15:"ip-66.249.79.84";s:12:"66.249.79.84";s:16:"ip-60.254.48.153";s:13:"60.254.48.153";s:17:"ip-189.115.168.18";s:14:"189.115.168.18";s:17:"ip-187.190.55.144";s:14:"187.190.55.144";s:16:"ip-213.74.72.238";s:13:"213.74.72.238";s:15:"ip-66.249.79.55";s:12:"66.249.79.55";s:16:"ip-82.80.249.159";s:13:"82.80.249.159";s:17:"ip-222.253.193.80";s:14:"222.253.193.80";s:17:"ip-154.113.86.199";s:14:"154.113.86.199";s:17:"ip-89.138.168.130";s:14:"89.138.168.130";s:14:"ip-39.40.47.46";s:11:"39.40.47.46";s:18:"ip-212.252.136.215";s:15:"212.252.136.215";s:15:"ip-52.90.32.192";s:12:"52.90.32.192";s:16:"ip-60.254.22.146";s:13:"60.254.22.146";s:15:"ip-85.97.67.152";s:12:"85.97.67.152";s:17:"ip-43.225.193.139";s:14:"43.225.193.139";s:16:"ip-113.161.84.63";s:13:"113.161.84.63";s:16:"ip-188.138.75.72";s:13:"188.138.75.72";s:17:"ip-119.63.131.226";s:14:"119.63.131.226";}]]></wp:meta_value>
		</wp:postmeta>
	</item>
	<item>
		<title>ثم معقل ويكيبيديا بحق</title>
		<link>http://demo.beetube.me/rtl/2016/05/27/lorem-ipsum-dolor-sit-amet-2/</link>
		<pubDate>Fri, 27 May 2016 12:14:41 +0000</pubDate>
		<dc:creator><![CDATA[admin]]></dc:creator>
		<guid isPermaLink="false">http://demo.beetube.me/?p=116</guid>
		<description></description>
		<content:encoded><![CDATA[<p>ثم معقل ويكيبيديا بحق. بداية فاتّبع فعل كل, شعار الإحتفاظ أن لكل, وتم هو اكتوبر بمعارضة واشتدّت. حول بـ تسمّى وتزويده الباهضة, أخذ عن أخرى ويكيبيديا. استدعى الأثناء، و بحق, إذ وزارة الشّعبين أسر, معاملة السيطرة مع دار.</p>

<p>الأجل أجزاء لكل تم. أن يتمكن السيطرة بين, ثم ومن الله مقاومة الثقيل. لم لكل ٠٨٠٤ يتسنّى. وسوء قادة واشتدّت يتم عل. جُل وسفن محاولات بل.</p>
<p>أخرى دأبوا حول تم. بال ان واُسدل ولاتّساع, أسر ميناء الشرقية بالتوقيع عن. ماشاء الحدود العاصمة وصل كل, معارضة الطريق كل ذلك, وتنصيب استمرار واقتصار ان كما. حيث إذ معزّزة السادس.</p>

<blockquote>
	هذا ان شمال وبحلول الأمريكية, ٣٠ بها زهاء تشكيل. لدحر بالرّغم لإنعدام على بل. يطول بالفشل لكل و, أي ممثّلة تحرّكت وايرلندا فصل. القوى التكاليف أن بين. بحشد أجزاء ذلك أن, بين قِبل بريطانيا-فرنسا و, كل على لفشل السيء وحرمان.
</blockquote>

<p>وفي قادة وشعار من, ان وشعار تكبّد الساحلية دنو. ثم لها لفرنسا المتّبعة, عل تحت دفّة لبلجيكا،. أن ببعض العالم، بالمطالبة يبق. ولم ومضى التي ما, حين من الفترة التحالف والمعدات, لان حلّت الصعداء كل.</p>
<p>غير تُصب بالجانب الثقيلة عن, شيء أم وقوعها، للحكومة بالرّغم. أخر بـ لغزو ضمنها. و حيث منتصف القادة, هو أعمال وبلجيكا، هذه, عدم مع أراض الجنوبي. مكن عليها البولندي ان, لمّ عل الأسيوي استمرار وبلجيكا،.</p>
<p>
إذ بلديهما الضروري مما, ذلك ما كنقطة سبتمبر الرئيسية. بحث خلاف أحدث بل. وكسبت المحيط ضرب قد. تمهيد بوابة إيطاليا ولم ان. لأداء الخاطفة وفي كل, لعدم تمهيد حدى تم. هو كان زهاء موالية.</p>]]></content:encoded>
		<excerpt:encoded><![CDATA[]]></excerpt:encoded>
		<wp:post_id>116</wp:post_id>
		<wp:post_date><![CDATA[2016-05-27 12:14:41]]></wp:post_date>
		<wp:post_date_gmt><![CDATA[2016-05-27 12:14:41]]></wp:post_date_gmt>
		<wp:comment_status><![CDATA[open]]></wp:comment_status>
		<wp:ping_status><![CDATA[open]]></wp:ping_status>
		<wp:post_name><![CDATA[lorem-ipsum-dolor-sit-amet-2]]></wp:post_name>
		<wp:status><![CDATA[publish]]></wp:status>
		<wp:post_parent>0</wp:post_parent>
		<wp:menu_order>0</wp:menu_order>
		<wp:post_type><![CDATA[post]]></wp:post_type>
		<wp:post_password><![CDATA[]]></wp:post_password>
		<wp:is_sticky>0</wp:is_sticky>
		<category domain="post_tag" nicename="hd"><![CDATA[HD]]></category>
		<category domain="post_tag" nicename="movies"><![CDATA[Movies]]></category>
		<category domain="post_tag" nicename="videos"><![CDATA[videos]]></category>
		<category domain="category" nicename="sports"><![CDATA[رياضات]]></category>
		<wp:postmeta>
			<wp:meta_key><![CDATA[_edit_last]]></wp:meta_key>
			<wp:meta_value><![CDATA[1]]></wp:meta_value>
		</wp:postmeta>
		<wp:postmeta>
			<wp:meta_key><![CDATA[_thumbnail_id]]></wp:meta_key>
			<wp:meta_value><![CDATA[117]]></wp:meta_value>
		</wp:postmeta>
		<wp:postmeta>
			<wp:meta_key><![CDATA[wpb_post_views_count]]></wp:meta_key>
			<wp:meta_value><![CDATA[145]]></wp:meta_value>
		</wp:postmeta>
		<wp:postmeta>
			<wp:meta_key><![CDATA[hd_post]]></wp:meta_key>
			<wp:meta_value><![CDATA[1]]></wp:meta_value>
		</wp:postmeta>
		<wp:postmeta>
			<wp:meta_key><![CDATA[featured_post]]></wp:meta_key>
			<wp:meta_value><![CDATA[2]]></wp:meta_value>
		</wp:postmeta>
		<wp:postmeta>
			<wp:meta_key><![CDATA[post_time]]></wp:meta_key>
			<wp:meta_value><![CDATA[4:17]]></wp:meta_value>
		</wp:postmeta>
		<wp:postmeta>
			<wp:meta_key><![CDATA[post_quality]]></wp:meta_key>
			<wp:meta_value><![CDATA[1080p]]></wp:meta_value>
		</wp:postmeta>
		<wp:postmeta>
			<wp:meta_key><![CDATA[jtheme_video_url]]></wp:meta_key>
			<wp:meta_value><![CDATA[https://vimeo.com/32430993]]></wp:meta_value>
		</wp:postmeta>
		<wp:postmeta>
			<wp:meta_key><![CDATA[jtheme_video_code]]></wp:meta_key>
			<wp:meta_value><![CDATA[]]></wp:meta_value>
		</wp:postmeta>
		<wp:postmeta>
			<wp:meta_key><![CDATA[jtheme_video_file]]></wp:meta_key>
			<wp:meta_value><![CDATA[]]></wp:meta_value>
		</wp:postmeta>
		<wp:postmeta>
			<wp:meta_key><![CDATA[jtheme_meta_title]]></wp:meta_key>
			<wp:meta_value><![CDATA[]]></wp:meta_value>
		</wp:postmeta>
		<wp:postmeta>
			<wp:meta_key><![CDATA[jtheme_meta_description]]></wp:meta_key>
			<wp:meta_value><![CDATA[]]></wp:meta_value>
		</wp:postmeta>
		<wp:postmeta>
			<wp:meta_key><![CDATA[_oembed_f6a96a3d0d3ba4348a067e9faa3cd000]]></wp:meta_key>
			<wp:meta_value><![CDATA[<iframe src="https://player.vimeo.com/video/32430993" width="1200" height="675" frameborder="0" title="Live Your Goalf" webkitallowfullscreen mozallowfullscreen allowfullscreen></iframe>]]></wp:meta_value>
		</wp:postmeta>
		<wp:postmeta>
			<wp:meta_key><![CDATA[_oembed_time_f6a96a3d0d3ba4348a067e9faa3cd000]]></wp:meta_key>
			<wp:meta_value><![CDATA[1464351303]]></wp:meta_value>
		</wp:postmeta>
		<wp:postmeta>
			<wp:meta_key><![CDATA[_user_liked]]></wp:meta_key>
			<wp:meta_value><![CDATA[a:1:{s:6:"user-1";i:1;}]]></wp:meta_value>
		</wp:postmeta>
		<wp:postmeta>
			<wp:meta_key><![CDATA[_post_like_count]]></wp:meta_key>
			<wp:meta_value><![CDATA[38]]></wp:meta_value>
		</wp:postmeta>
		<wp:postmeta>
			<wp:meta_key><![CDATA[_post_like_modified]]></wp:meta_key>
			<wp:meta_value><![CDATA[2017-09-11 14:47:24]]></wp:meta_value>
		</wp:postmeta>
		<wp:postmeta>
			<wp:meta_key><![CDATA[_video_thumbnail]]></wp:meta_key>
			<wp:meta_value><![CDATA[http://demo.beetube.me/rtl/wp-content/uploads/2017/01/116.jpg]]></wp:meta_value>
		</wp:postmeta>
		<wp:postmeta>
			<wp:meta_key><![CDATA[_user_IP]]></wp:meta_key>
			<wp:meta_value><![CDATA[a:37:{s:13:"ip-46.4.32.75";s:10:"46.4.32.75";s:15:"ip-66.249.79.96";s:12:"66.249.79.96";s:16:"ip-66.249.79.104";s:13:"66.249.79.104";s:16:"ip-62.138.14.180";s:13:"62.138.14.180";s:15:"ip-27.76.39.181";s:12:"27.76.39.181";s:15:"ip-43.250.40.60";s:12:"43.250.40.60";s:15:"ip-110.93.239.2";s:12:"110.93.239.2";s:18:"ip-176.221.250.105";s:15:"176.221.250.105";s:17:"ip-43.225.193.138";s:14:"43.225.193.138";s:16:"ip-116.58.22.220";s:13:"116.58.22.220";s:18:"ip-180.211.104.118";s:15:"180.211.104.118";s:17:"ip-183.14.153.107";s:14:"183.14.153.107";s:16:"ip-14.161.32.219";s:13:"14.161.32.219";s:15:"ip-201.49.73.19";s:12:"201.49.73.19";s:17:"ip-189.216.196.71";s:14:"189.216.196.71";s:16:"ip-113.21.74.166";s:13:"113.21.74.166";s:15:"ip-66.249.79.80";s:12:"66.249.79.80";s:16:"ip-60.254.48.153";s:13:"60.254.48.153";s:17:"ip-189.115.168.18";s:14:"189.115.168.18";s:17:"ip-187.190.55.144";s:14:"187.190.55.144";s:16:"ip-213.74.72.238";s:13:"213.74.72.238";s:15:"ip-64.79.85.205";s:12:"64.79.85.205";s:15:"ip-66.249.79.55";s:12:"66.249.79.55";s:16:"ip-82.80.249.159";s:13:"82.80.249.159";s:17:"ip-222.253.193.80";s:14:"222.253.193.80";s:17:"ip-154.113.86.199";s:14:"154.113.86.199";s:17:"ip-89.138.168.130";s:14:"89.138.168.130";s:17:"ip-34.192.116.178";s:14:"34.192.116.178";s:14:"ip-39.40.47.46";s:11:"39.40.47.46";s:18:"ip-212.252.136.215";s:15:"212.252.136.215";s:15:"ip-52.90.32.192";s:12:"52.90.32.192";s:16:"ip-60.254.22.146";s:13:"60.254.22.146";s:15:"ip-85.97.67.152";s:12:"85.97.67.152";s:17:"ip-43.225.193.139";s:14:"43.225.193.139";s:16:"ip-113.161.84.63";s:13:"113.161.84.63";s:16:"ip-188.138.75.72";s:13:"188.138.75.72";s:17:"ip-119.63.131.226";s:14:"119.63.131.226";}]]></wp:meta_value>
		</wp:postmeta>
	</item>
	<item>
		<title>فاتّبع فعل كل, شعار ا</title>
		<link>http://demo.beetube.me/rtl/2016/05/27/etiam-eu-purus-ante-sed-at-ex-turpis/</link>
		<pubDate>Fri, 27 May 2016 12:22:42 +0000</pubDate>
		<dc:creator><![CDATA[admin]]></dc:creator>
		<guid isPermaLink="false">http://demo.beetube.me/?p=119</guid>
		<description></description>
		<content:encoded><![CDATA[<p>ثم معقل ويكيبيديا بحق. بداية فاتّبع فعل كل, شعار الإحتفاظ أن لكل, وتم هو اكتوبر بمعارضة واشتدّت. حول بـ تسمّى وتزويده الباهضة, أخذ عن أخرى ويكيبيديا. استدعى الأثناء، و بحق, إذ وزارة الشّعبين أسر, معاملة السيطرة مع دار.</p>

<p>الأجل أجزاء لكل تم. أن يتمكن السيطرة بين, ثم ومن الله مقاومة الثقيل. لم لكل ٠٨٠٤ يتسنّى. وسوء قادة واشتدّت يتم عل. جُل وسفن محاولات بل.</p>
<p>أخرى دأبوا حول تم. بال ان واُسدل ولاتّساع, أسر ميناء الشرقية بالتوقيع عن. ماشاء الحدود العاصمة وصل كل, معارضة الطريق كل ذلك, وتنصيب استمرار واقتصار ان كما. حيث إذ معزّزة السادس.</p>

<blockquote>
	هذا ان شمال وبحلول الأمريكية, ٣٠ بها زهاء تشكيل. لدحر بالرّغم لإنعدام على بل. يطول بالفشل لكل و, أي ممثّلة تحرّكت وايرلندا فصل. القوى التكاليف أن بين. بحشد أجزاء ذلك أن, بين قِبل بريطانيا-فرنسا و, كل على لفشل السيء وحرمان.
</blockquote>

<p>وفي قادة وشعار من, ان وشعار تكبّد الساحلية دنو. ثم لها لفرنسا المتّبعة, عل تحت دفّة لبلجيكا،. أن ببعض العالم، بالمطالبة يبق. ولم ومضى التي ما, حين من الفترة التحالف والمعدات, لان حلّت الصعداء كل.</p>
<p>غير تُصب بالجانب الثقيلة عن, شيء أم وقوعها، للحكومة بالرّغم. أخر بـ لغزو ضمنها. و حيث منتصف القادة, هو أعمال وبلجيكا، هذه, عدم مع أراض الجنوبي. مكن عليها البولندي ان, لمّ عل الأسيوي استمرار وبلجيكا،.</p>
<p>
إذ بلديهما الضروري مما, ذلك ما كنقطة سبتمبر الرئيسية. بحث خلاف أحدث بل. وكسبت المحيط ضرب قد. تمهيد بوابة إيطاليا ولم ان. لأداء الخاطفة وفي كل, لعدم تمهيد حدى تم. هو كان زهاء موالية.</p>]]></content:encoded>
		<excerpt:encoded><![CDATA[]]></excerpt:encoded>
		<wp:post_id>119</wp:post_id>
		<wp:post_date><![CDATA[2016-05-27 12:22:42]]></wp:post_date>
		<wp:post_date_gmt><![CDATA[2016-05-27 12:22:42]]></wp:post_date_gmt>
		<wp:comment_status><![CDATA[open]]></wp:comment_status>
		<wp:ping_status><![CDATA[open]]></wp:ping_status>
		<wp:post_name><![CDATA[etiam-eu-purus-ante-sed-at-ex-turpis]]></wp:post_name>
		<wp:status><![CDATA[publish]]></wp:status>
		<wp:post_parent>0</wp:post_parent>
		<wp:menu_order>0</wp:menu_order>
		<wp:post_type><![CDATA[post]]></wp:post_type>
		<wp:post_password><![CDATA[]]></wp:post_password>
		<wp:is_sticky>0</wp:is_sticky>
		<category domain="post_tag" nicename="hd"><![CDATA[HD]]></category>
		<category domain="post_tag" nicename="movies"><![CDATA[Movies]]></category>
		<category domain="post_tag" nicename="videos"><![CDATA[videos]]></category>
		<category domain="category" nicename="sports"><![CDATA[رياضات]]></category>
		<wp:postmeta>
			<wp:meta_key><![CDATA[_edit_last]]></wp:meta_key>
			<wp:meta_value><![CDATA[1]]></wp:meta_value>
		</wp:postmeta>
		<wp:postmeta>
			<wp:meta_key><![CDATA[_thumbnail_id]]></wp:meta_key>
			<wp:meta_value><![CDATA[120]]></wp:meta_value>
		</wp:postmeta>
		<wp:postmeta>
			<wp:meta_key><![CDATA[wpb_post_views_count]]></wp:meta_key>
			<wp:meta_value><![CDATA[155]]></wp:meta_value>
		</wp:postmeta>
		<wp:postmeta>
			<wp:meta_key><![CDATA[hd_post]]></wp:meta_key>
			<wp:meta_value><![CDATA[1]]></wp:meta_value>
		</wp:postmeta>
		<wp:postmeta>
			<wp:meta_key><![CDATA[featured_post]]></wp:meta_key>
			<wp:meta_value><![CDATA[2]]></wp:meta_value>
		</wp:postmeta>
		<wp:postmeta>
			<wp:meta_key><![CDATA[post_time]]></wp:meta_key>
			<wp:meta_value><![CDATA[1:13]]></wp:meta_value>
		</wp:postmeta>
		<wp:postmeta>
			<wp:meta_key><![CDATA[post_quality]]></wp:meta_key>
			<wp:meta_value><![CDATA[HD]]></wp:meta_value>
		</wp:postmeta>
		<wp:postmeta>
			<wp:meta_key><![CDATA[jtheme_video_url]]></wp:meta_key>
			<wp:meta_value><![CDATA[https://vimeo.com/69311033]]></wp:meta_value>
		</wp:postmeta>
		<wp:postmeta>
			<wp:meta_key><![CDATA[jtheme_video_code]]></wp:meta_key>
			<wp:meta_value><![CDATA[]]></wp:meta_value>
		</wp:postmeta>
		<wp:postmeta>
			<wp:meta_key><![CDATA[jtheme_video_file]]></wp:meta_key>
			<wp:meta_value><![CDATA[]]></wp:meta_value>
		</wp:postmeta>
		<wp:postmeta>
			<wp:meta_key><![CDATA[jtheme_meta_title]]></wp:meta_key>
			<wp:meta_value><![CDATA[]]></wp:meta_value>
		</wp:postmeta>
		<wp:postmeta>
			<wp:meta_key><![CDATA[jtheme_meta_description]]></wp:meta_key>
			<wp:meta_value><![CDATA[]]></wp:meta_value>
		</wp:postmeta>
		<wp:postmeta>
			<wp:meta_key><![CDATA[_oembed_0cf22171039e73ffdfe56882832c19ee]]></wp:meta_key>
			<wp:meta_value><![CDATA[<iframe src="https://player.vimeo.com/video/69311033" width="1200" height="511" frameborder="0" title="Buzzer" webkitallowfullscreen mozallowfullscreen allowfullscreen></iframe>]]></wp:meta_value>
		</wp:postmeta>
		<wp:postmeta>
			<wp:meta_key><![CDATA[_oembed_time_0cf22171039e73ffdfe56882832c19ee]]></wp:meta_key>
			<wp:meta_value><![CDATA[1464443441]]></wp:meta_value>
		</wp:postmeta>
		<wp:postmeta>
			<wp:meta_key><![CDATA[_post_like_count]]></wp:meta_key>
			<wp:meta_value><![CDATA[38]]></wp:meta_value>
		</wp:postmeta>
		<wp:postmeta>
			<wp:meta_key><![CDATA[_video_thumbnail]]></wp:meta_key>
			<wp:meta_value><![CDATA[http://demo.beetube.me/rtl/wp-content/uploads/2017/01/119.jpg]]></wp:meta_value>
		</wp:postmeta>
		<wp:postmeta>
			<wp:meta_key><![CDATA[_user_IP]]></wp:meta_key>
			<wp:meta_value><![CDATA[a:38:{s:13:"ip-46.4.32.75";s:10:"46.4.32.75";s:15:"ip-66.249.79.96";s:12:"66.249.79.96";s:16:"ip-66.249.79.104";s:13:"66.249.79.104";s:16:"ip-62.138.14.180";s:13:"62.138.14.180";s:15:"ip-27.76.39.181";s:12:"27.76.39.181";s:15:"ip-43.250.40.60";s:12:"43.250.40.60";s:15:"ip-110.93.239.2";s:12:"110.93.239.2";s:18:"ip-176.221.250.105";s:15:"176.221.250.105";s:17:"ip-43.225.193.138";s:14:"43.225.193.138";s:16:"ip-116.58.22.220";s:13:"116.58.22.220";s:18:"ip-180.211.104.118";s:15:"180.211.104.118";s:17:"ip-183.14.153.107";s:14:"183.14.153.107";s:16:"ip-14.161.32.219";s:13:"14.161.32.219";s:15:"ip-201.49.73.19";s:12:"201.49.73.19";s:17:"ip-189.216.196.71";s:14:"189.216.196.71";s:16:"ip-113.21.74.166";s:13:"113.21.74.166";s:15:"ip-66.249.79.82";s:12:"66.249.79.82";s:16:"ip-60.254.48.153";s:13:"60.254.48.153";s:17:"ip-189.115.168.18";s:14:"189.115.168.18";s:17:"ip-187.190.55.144";s:14:"187.190.55.144";s:16:"ip-213.74.72.238";s:13:"213.74.72.238";s:15:"ip-64.79.85.205";s:12:"64.79.85.205";s:16:"ip-82.80.249.159";s:13:"82.80.249.159";s:17:"ip-222.253.193.80";s:14:"222.253.193.80";s:17:"ip-154.113.86.199";s:14:"154.113.86.199";s:17:"ip-68.180.230.247";s:14:"68.180.230.247";s:15:"ip-66.249.79.58";s:12:"66.249.79.58";s:17:"ip-89.138.168.130";s:14:"89.138.168.130";s:17:"ip-34.192.116.178";s:14:"34.192.116.178";s:14:"ip-39.40.47.46";s:11:"39.40.47.46";s:18:"ip-212.252.136.215";s:15:"212.252.136.215";s:15:"ip-52.90.32.192";s:12:"52.90.32.192";s:16:"ip-60.254.22.146";s:13:"60.254.22.146";s:15:"ip-85.97.67.152";s:12:"85.97.67.152";s:17:"ip-43.225.193.139";s:14:"43.225.193.139";s:16:"ip-113.161.84.63";s:13:"113.161.84.63";s:16:"ip-188.138.75.72";s:13:"188.138.75.72";s:17:"ip-119.63.131.226";s:14:"119.63.131.226";}]]></wp:meta_value>
		</wp:postmeta>
		<wp:postmeta>
			<wp:meta_key><![CDATA[_post_like_modified]]></wp:meta_key>
			<wp:meta_value><![CDATA[2017-09-11 14:46:12]]></wp:meta_value>
		</wp:postmeta>
	</item>
	<item>
		<title>تفاظ أن لكل, وتم هو</title>
		<link>http://demo.beetube.me/rtl/2016/05/27/neque-porro-quisquam-est/</link>
		<pubDate>Fri, 27 May 2016 12:28:41 +0000</pubDate>
		<dc:creator><![CDATA[admin]]></dc:creator>
		<guid isPermaLink="false">http://demo.beetube.me/?p=124</guid>
		<description></description>
		<content:encoded><![CDATA[<p>ثم معقل ويكيبيديا بحق. بداية فاتّبع فعل كل, شعار الإحتفاظ أن لكل, وتم هو اكتوبر بمعارضة واشتدّت. حول بـ تسمّى وتزويده الباهضة, أخذ عن أخرى ويكيبيديا. استدعى الأثناء، و بحق, إذ وزارة الشّعبين أسر, معاملة السيطرة مع دار.</p>

<p>الأجل أجزاء لكل تم. أن يتمكن السيطرة بين, ثم ومن الله مقاومة الثقيل. لم لكل ٠٨٠٤ يتسنّى. وسوء قادة واشتدّت يتم عل. جُل وسفن محاولات بل.</p>
<p>أخرى دأبوا حول تم. بال ان واُسدل ولاتّساع, أسر ميناء الشرقية بالتوقيع عن. ماشاء الحدود العاصمة وصل كل, معارضة الطريق كل ذلك, وتنصيب استمرار واقتصار ان كما. حيث إذ معزّزة السادس.</p>

<blockquote>
	هذا ان شمال وبحلول الأمريكية, ٣٠ بها زهاء تشكيل. لدحر بالرّغم لإنعدام على بل. يطول بالفشل لكل و, أي ممثّلة تحرّكت وايرلندا فصل. القوى التكاليف أن بين. بحشد أجزاء ذلك أن, بين قِبل بريطانيا-فرنسا و, كل على لفشل السيء وحرمان.
</blockquote>

<p>وفي قادة وشعار من, ان وشعار تكبّد الساحلية دنو. ثم لها لفرنسا المتّبعة, عل تحت دفّة لبلجيكا،. أن ببعض العالم، بالمطالبة يبق. ولم ومضى التي ما, حين من الفترة التحالف والمعدات, لان حلّت الصعداء كل.</p>
<p>غير تُصب بالجانب الثقيلة عن, شيء أم وقوعها، للحكومة بالرّغم. أخر بـ لغزو ضمنها. و حيث منتصف القادة, هو أعمال وبلجيكا، هذه, عدم مع أراض الجنوبي. مكن عليها البولندي ان, لمّ عل الأسيوي استمرار وبلجيكا،.</p>
<p>
إذ بلديهما الضروري مما, ذلك ما كنقطة سبتمبر الرئيسية. بحث خلاف أحدث بل. وكسبت المحيط ضرب قد. تمهيد بوابة إيطاليا ولم ان. لأداء الخاطفة وفي كل, لعدم تمهيد حدى تم. هو كان زهاء موالية.</p>]]></content:encoded>
		<excerpt:encoded><![CDATA[]]></excerpt:encoded>
		<wp:post_id>124</wp:post_id>
		<wp:post_date><![CDATA[2016-05-27 12:28:41]]></wp:post_date>
		<wp:post_date_gmt><![CDATA[2016-05-27 12:28:41]]></wp:post_date_gmt>
		<wp:comment_status><![CDATA[open]]></wp:comment_status>
		<wp:ping_status><![CDATA[open]]></wp:ping_status>
		<wp:post_name><![CDATA[neque-porro-quisquam-est]]></wp:post_name>
		<wp:status><![CDATA[publish]]></wp:status>
		<wp:post_parent>0</wp:post_parent>
		<wp:menu_order>0</wp:menu_order>
		<wp:post_type><![CDATA[post]]></wp:post_type>
		<wp:post_password><![CDATA[]]></wp:post_password>
		<wp:is_sticky>0</wp:is_sticky>
		<category domain="post_tag" nicename="hd"><![CDATA[HD]]></category>
		<category domain="post_tag" nicename="movies"><![CDATA[Movies]]></category>
		<category domain="post_tag" nicename="sports"><![CDATA[sports]]></category>
		<category domain="post_tag" nicename="videos"><![CDATA[videos]]></category>
		<category domain="category" nicename="sports"><![CDATA[رياضات]]></category>
		<wp:postmeta>
			<wp:meta_key><![CDATA[_edit_last]]></wp:meta_key>
			<wp:meta_value><![CDATA[1]]></wp:meta_value>
		</wp:postmeta>
		<wp:postmeta>
			<wp:meta_key><![CDATA[_thumbnail_id]]></wp:meta_key>
			<wp:meta_value><![CDATA[125]]></wp:meta_value>
		</wp:postmeta>
		<wp:postmeta>
			<wp:meta_key><![CDATA[wpb_post_views_count]]></wp:meta_key>
			<wp:meta_value><![CDATA[156]]></wp:meta_value>
		</wp:postmeta>
		<wp:postmeta>
			<wp:meta_key><![CDATA[hd_post]]></wp:meta_key>
			<wp:meta_value><![CDATA[1]]></wp:meta_value>
		</wp:postmeta>
		<wp:postmeta>
			<wp:meta_key><![CDATA[featured_post]]></wp:meta_key>
			<wp:meta_value><![CDATA[1]]></wp:meta_value>
		</wp:postmeta>
		<wp:postmeta>
			<wp:meta_key><![CDATA[post_time]]></wp:meta_key>
			<wp:meta_value><![CDATA[1:24]]></wp:meta_value>
		</wp:postmeta>
		<wp:postmeta>
			<wp:meta_key><![CDATA[post_quality]]></wp:meta_key>
			<wp:meta_value><![CDATA[1080p]]></wp:meta_value>
		</wp:postmeta>
		<wp:postmeta>
			<wp:meta_key><![CDATA[jtheme_video_url]]></wp:meta_key>
			<wp:meta_value><![CDATA[https://vimeo.com/67321651]]></wp:meta_value>
		</wp:postmeta>
		<wp:postmeta>
			<wp:meta_key><![CDATA[jtheme_video_code]]></wp:meta_key>
			<wp:meta_value><![CDATA[]]></wp:meta_value>
		</wp:postmeta>
		<wp:postmeta>
			<wp:meta_key><![CDATA[jtheme_video_file]]></wp:meta_key>
			<wp:meta_value><![CDATA[]]></wp:meta_value>
		</wp:postmeta>
		<wp:postmeta>
			<wp:meta_key><![CDATA[jtheme_meta_title]]></wp:meta_key>
			<wp:meta_value><![CDATA[]]></wp:meta_value>
		</wp:postmeta>
		<wp:postmeta>
			<wp:meta_key><![CDATA[jtheme_meta_description]]></wp:meta_key>
			<wp:meta_value><![CDATA[]]></wp:meta_value>
		</wp:postmeta>
		<wp:postmeta>
			<wp:meta_key><![CDATA[_oembed_f945e927ccf49715bfc64faf23537d52]]></wp:meta_key>
			<wp:meta_value><![CDATA[<iframe src="https://player.vimeo.com/video/67321651" width="1200" height="675" frameborder="0" title="Fantastic Man - The Upright Catch-Foot Spin" webkitallowfullscreen mozallowfullscreen allowfullscreen></iframe>]]></wp:meta_value>
		</wp:postmeta>
		<wp:postmeta>
			<wp:meta_key><![CDATA[_oembed_time_f945e927ccf49715bfc64faf23537d52]]></wp:meta_key>
			<wp:meta_value><![CDATA[1464352141]]></wp:meta_value>
		</wp:postmeta>
		<wp:postmeta>
			<wp:meta_key><![CDATA[_post_like_count]]></wp:meta_key>
			<wp:meta_value><![CDATA[39]]></wp:meta_value>
		</wp:postmeta>
		<wp:postmeta>
			<wp:meta_key><![CDATA[_video_thumbnail]]></wp:meta_key>
			<wp:meta_value><![CDATA[http://demo.beetube.me/rtl/wp-content/uploads/2017/01/124.jpg]]></wp:meta_value>
		</wp:postmeta>
		<wp:postmeta>
			<wp:meta_key><![CDATA[_user_IP]]></wp:meta_key>
			<wp:meta_value><![CDATA[a:39:{s:13:"ip-46.4.32.75";s:10:"46.4.32.75";s:15:"ip-88.198.16.12";s:12:"88.198.16.12";s:15:"ip-66.249.79.96";s:12:"66.249.79.96";s:16:"ip-66.249.79.100";s:13:"66.249.79.100";s:16:"ip-62.138.14.180";s:13:"62.138.14.180";s:15:"ip-27.76.39.181";s:12:"27.76.39.181";s:15:"ip-43.250.40.60";s:12:"43.250.40.60";s:18:"ip-176.221.250.105";s:15:"176.221.250.105";s:17:"ip-43.225.193.138";s:14:"43.225.193.138";s:16:"ip-116.58.22.220";s:13:"116.58.22.220";s:18:"ip-180.211.104.118";s:15:"180.211.104.118";s:17:"ip-183.14.153.107";s:14:"183.14.153.107";s:16:"ip-14.161.32.219";s:13:"14.161.32.219";s:15:"ip-201.49.73.19";s:12:"201.49.73.19";s:17:"ip-189.216.196.71";s:14:"189.216.196.71";s:16:"ip-113.21.74.166";s:13:"113.21.74.166";s:15:"ip-66.249.79.80";s:12:"66.249.79.80";s:16:"ip-60.254.48.153";s:13:"60.254.48.153";s:17:"ip-189.115.168.18";s:14:"189.115.168.18";s:17:"ip-187.190.55.144";s:14:"187.190.55.144";s:16:"ip-213.74.72.238";s:13:"213.74.72.238";s:15:"ip-64.79.85.205";s:12:"64.79.85.205";s:15:"ip-66.249.79.61";s:12:"66.249.79.61";s:15:"ip-66.249.79.55";s:12:"66.249.79.55";s:16:"ip-82.80.249.159";s:13:"82.80.249.159";s:17:"ip-222.253.193.80";s:14:"222.253.193.80";s:17:"ip-154.113.86.199";s:14:"154.113.86.199";s:17:"ip-89.138.168.130";s:14:"89.138.168.130";s:17:"ip-34.192.116.178";s:14:"34.192.116.178";s:14:"ip-39.40.47.46";s:11:"39.40.47.46";s:18:"ip-212.252.136.215";s:15:"212.252.136.215";s:15:"ip-52.90.32.192";s:12:"52.90.32.192";s:16:"ip-136.243.172.8";s:13:"136.243.172.8";s:16:"ip-60.254.22.146";s:13:"60.254.22.146";s:15:"ip-85.97.67.152";s:12:"85.97.67.152";s:17:"ip-43.225.193.139";s:14:"43.225.193.139";s:16:"ip-113.161.84.63";s:13:"113.161.84.63";s:16:"ip-188.138.75.72";s:13:"188.138.75.72";s:17:"ip-119.63.131.226";s:14:"119.63.131.226";}]]></wp:meta_value>
		</wp:postmeta>
		<wp:postmeta>
			<wp:meta_key><![CDATA[_post_like_modified]]></wp:meta_key>
			<wp:meta_value><![CDATA[2017-09-11 14:45:50]]></wp:meta_value>
		</wp:postmeta>
		<wp:comment>
			<wp:comment_id>2</wp:comment_id>
			<wp:comment_author><![CDATA[Ahmed]]></wp:comment_author>
			<wp:comment_author_email><![CDATA[ahmedsoliman64@gmail.com]]></wp:comment_author_email>
			<wp:comment_author_url></wp:comment_author_url>
			<wp:comment_author_IP><![CDATA[156.209.62.137]]></wp:comment_author_IP>
			<wp:comment_date><![CDATA[2017-07-03 18:42:19]]></wp:comment_date>
			<wp:comment_date_gmt><![CDATA[2017-07-03 15:42:19]]></wp:comment_date_gmt>
			<wp:comment_content><![CDATA[RTL Supported ?]]></wp:comment_content>
			<wp:comment_approved><![CDATA[trash]]></wp:comment_approved>
			<wp:comment_type><![CDATA[]]></wp:comment_type>
			<wp:comment_parent>0</wp:comment_parent>
			<wp:comment_user_id>0</wp:comment_user_id>
			<wp:commentmeta>
				<wp:meta_key><![CDATA[_wp_trash_meta_status]]></wp:meta_key>
				<wp:meta_value><![CDATA[0]]></wp:meta_value>
			</wp:commentmeta>
			<wp:commentmeta>
				<wp:meta_key><![CDATA[_wp_trash_meta_time]]></wp:meta_key>
				<wp:meta_value><![CDATA[1505795775]]></wp:meta_value>
			</wp:commentmeta>
		</wp:comment>
	</item>
	<item>
		<title>كتوبر بمعارضة واشت</title>
		<link>http://demo.beetube.me/rtl/2016/05/27/suspendisse-fermentum-condimentum-nisi/</link>
		<pubDate>Fri, 27 May 2016 12:43:32 +0000</pubDate>
		<dc:creator><![CDATA[admin]]></dc:creator>
		<guid isPermaLink="false">http://demo.beetube.me/?p=127</guid>
		<description></description>
		<content:encoded><![CDATA[<p>ثم معقل ويكيبيديا بحق. بداية فاتّبع فعل كل, شعار الإحتفاظ أن لكل, وتم هو اكتوبر بمعارضة واشتدّت. حول بـ تسمّى وتزويده الباهضة, أخذ عن أخرى ويكيبيديا. استدعى الأثناء، و بحق, إذ وزارة الشّعبين أسر, معاملة السيطرة مع دار.</p>

<p>الأجل أجزاء لكل تم. أن يتمكن السيطرة بين, ثم ومن الله مقاومة الثقيل. لم لكل ٠٨٠٤ يتسنّى. وسوء قادة واشتدّت يتم عل. جُل وسفن محاولات بل.</p>
<p>أخرى دأبوا حول تم. بال ان واُسدل ولاتّساع, أسر ميناء الشرقية بالتوقيع عن. ماشاء الحدود العاصمة وصل كل, معارضة الطريق كل ذلك, وتنصيب استمرار واقتصار ان كما. حيث إذ معزّزة السادس.</p>

<blockquote>
	هذا ان شمال وبحلول الأمريكية, ٣٠ بها زهاء تشكيل. لدحر بالرّغم لإنعدام على بل. يطول بالفشل لكل و, أي ممثّلة تحرّكت وايرلندا فصل. القوى التكاليف أن بين. بحشد أجزاء ذلك أن, بين قِبل بريطانيا-فرنسا و, كل على لفشل السيء وحرمان.
</blockquote>

<p>وفي قادة وشعار من, ان وشعار تكبّد الساحلية دنو. ثم لها لفرنسا المتّبعة, عل تحت دفّة لبلجيكا،. أن ببعض العالم، بالمطالبة يبق. ولم ومضى التي ما, حين من الفترة التحالف والمعدات, لان حلّت الصعداء كل.</p>
<p>غير تُصب بالجانب الثقيلة عن, شيء أم وقوعها، للحكومة بالرّغم. أخر بـ لغزو ضمنها. و حيث منتصف القادة, هو أعمال وبلجيكا، هذه, عدم مع أراض الجنوبي. مكن عليها البولندي ان, لمّ عل الأسيوي استمرار وبلجيكا،.</p>
<p>
إذ بلديهما الضروري مما, ذلك ما كنقطة سبتمبر الرئيسية. بحث خلاف أحدث بل. وكسبت المحيط ضرب قد. تمهيد بوابة إيطاليا ولم ان. لأداء الخاطفة وفي كل, لعدم تمهيد حدى تم. هو كان زهاء موالية.</p>]]></content:encoded>
		<excerpt:encoded><![CDATA[]]></excerpt:encoded>
		<wp:post_id>127</wp:post_id>
		<wp:post_date><![CDATA[2016-05-27 12:43:32]]></wp:post_date>
		<wp:post_date_gmt><![CDATA[2016-05-27 12:43:32]]></wp:post_date_gmt>
		<wp:comment_status><![CDATA[open]]></wp:comment_status>
		<wp:ping_status><![CDATA[open]]></wp:ping_status>
		<wp:post_name><![CDATA[suspendisse-fermentum-condimentum-nisi]]></wp:post_name>
		<wp:status><![CDATA[publish]]></wp:status>
		<wp:post_parent>0</wp:post_parent>
		<wp:menu_order>0</wp:menu_order>
		<wp:post_type><![CDATA[post]]></wp:post_type>
		<wp:post_password><![CDATA[]]></wp:post_password>
		<wp:is_sticky>0</wp:is_sticky>
		<category domain="post_tag" nicename="entertainment"><![CDATA[entertainment]]></category>
		<category domain="post_tag" nicename="movies"><![CDATA[Movies]]></category>
		<category domain="category" nicename="entertainment"><![CDATA[تسلية]]></category>
		<wp:postmeta>
			<wp:meta_key><![CDATA[_edit_last]]></wp:meta_key>
			<wp:meta_value><![CDATA[1]]></wp:meta_value>
		</wp:postmeta>
		<wp:postmeta>
			<wp:meta_key><![CDATA[_thumbnail_id]]></wp:meta_key>
			<wp:meta_value><![CDATA[128]]></wp:meta_value>
		</wp:postmeta>
		<wp:postmeta>
			<wp:meta_key><![CDATA[wpb_post_views_count]]></wp:meta_key>
			<wp:meta_value><![CDATA[149]]></wp:meta_value>
		</wp:postmeta>
		<wp:postmeta>
			<wp:meta_key><![CDATA[hd_post]]></wp:meta_key>
			<wp:meta_value><![CDATA[2]]></wp:meta_value>
		</wp:postmeta>
		<wp:postmeta>
			<wp:meta_key><![CDATA[featured_post]]></wp:meta_key>
			<wp:meta_value><![CDATA[1]]></wp:meta_value>
		</wp:postmeta>
		<wp:postmeta>
			<wp:meta_key><![CDATA[post_time]]></wp:meta_key>
			<wp:meta_value><![CDATA[8:12]]></wp:meta_value>
		</wp:postmeta>
		<wp:postmeta>
			<wp:meta_key><![CDATA[post_quality]]></wp:meta_key>
			<wp:meta_value><![CDATA[720p]]></wp:meta_value>
		</wp:postmeta>
		<wp:postmeta>
			<wp:meta_key><![CDATA[jtheme_video_url]]></wp:meta_key>
			<wp:meta_value><![CDATA[https://vimeo.com/25475500]]></wp:meta_value>
		</wp:postmeta>
		<wp:postmeta>
			<wp:meta_key><![CDATA[jtheme_video_code]]></wp:meta_key>
			<wp:meta_value><![CDATA[]]></wp:meta_value>
		</wp:postmeta>
		<wp:postmeta>
			<wp:meta_key><![CDATA[jtheme_video_file]]></wp:meta_key>
			<wp:meta_value><![CDATA[]]></wp:meta_value>
		</wp:postmeta>
		<wp:postmeta>
			<wp:meta_key><![CDATA[jtheme_meta_title]]></wp:meta_key>
			<wp:meta_value><![CDATA[]]></wp:meta_value>
		</wp:postmeta>
		<wp:postmeta>
			<wp:meta_key><![CDATA[jtheme_meta_description]]></wp:meta_key>
			<wp:meta_value><![CDATA[]]></wp:meta_value>
		</wp:postmeta>
		<wp:postmeta>
			<wp:meta_key><![CDATA[_oembed_a503053e7c0d46c29a6b5419c58dac7c]]></wp:meta_key>
			<wp:meta_value><![CDATA[<iframe src="https://player.vimeo.com/video/25475500" width="1200" height="675" frameborder="0" title="Blik" webkitallowfullscreen mozallowfullscreen allowfullscreen></iframe>]]></wp:meta_value>
		</wp:postmeta>
		<wp:postmeta>
			<wp:meta_key><![CDATA[_oembed_time_a503053e7c0d46c29a6b5419c58dac7c]]></wp:meta_key>
			<wp:meta_value><![CDATA[1464591571]]></wp:meta_value>
		</wp:postmeta>
		<wp:postmeta>
			<wp:meta_key><![CDATA[_post_like_count]]></wp:meta_key>
			<wp:meta_value><![CDATA[41]]></wp:meta_value>
		</wp:postmeta>
		<wp:postmeta>
			<wp:meta_key><![CDATA[_video_thumbnail]]></wp:meta_key>
			<wp:meta_value><![CDATA[http://demo.beetube.me/rtl/wp-content/uploads/2017/01/127.jpg]]></wp:meta_value>
		</wp:postmeta>
		<wp:postmeta>
			<wp:meta_key><![CDATA[_user_IP]]></wp:meta_key>
			<wp:meta_value><![CDATA[a:41:{s:13:"ip-46.4.32.75";s:10:"46.4.32.75";s:13:"ip-5.9.104.83";s:10:"5.9.104.83";s:15:"ip-88.198.16.12";s:12:"88.198.16.12";s:16:"ip-62.138.14.180";s:13:"62.138.14.180";s:15:"ip-27.76.39.181";s:12:"27.76.39.181";s:15:"ip-43.250.40.60";s:12:"43.250.40.60";s:15:"ip-110.93.239.2";s:12:"110.93.239.2";s:18:"ip-176.221.250.105";s:15:"176.221.250.105";s:17:"ip-43.225.193.138";s:14:"43.225.193.138";s:16:"ip-116.58.22.220";s:13:"116.58.22.220";s:17:"ip-184.154.139.19";s:14:"184.154.139.19";s:18:"ip-180.211.104.118";s:15:"180.211.104.118";s:17:"ip-183.14.153.107";s:14:"183.14.153.107";s:16:"ip-14.161.32.219";s:13:"14.161.32.219";s:15:"ip-201.49.73.19";s:12:"201.49.73.19";s:17:"ip-189.216.196.71";s:14:"189.216.196.71";s:16:"ip-113.21.74.166";s:13:"113.21.74.166";s:15:"ip-66.249.79.80";s:12:"66.249.79.80";s:16:"ip-60.254.48.153";s:13:"60.254.48.153";s:17:"ip-189.115.168.18";s:14:"189.115.168.18";s:17:"ip-187.190.55.144";s:14:"187.190.55.144";s:16:"ip-213.74.72.238";s:13:"213.74.72.238";s:15:"ip-64.79.85.205";s:12:"64.79.85.205";s:15:"ip-66.249.79.61";s:12:"66.249.79.61";s:15:"ip-66.249.79.55";s:12:"66.249.79.55";s:18:"ip-103.218.100.242";s:15:"103.218.100.242";s:16:"ip-82.80.249.159";s:13:"82.80.249.159";s:17:"ip-222.253.193.80";s:14:"222.253.193.80";s:17:"ip-154.113.86.199";s:14:"154.113.86.199";s:17:"ip-89.138.168.130";s:14:"89.138.168.130";s:17:"ip-34.192.116.178";s:14:"34.192.116.178";s:14:"ip-39.40.47.46";s:11:"39.40.47.46";s:18:"ip-212.252.136.215";s:15:"212.252.136.215";s:15:"ip-52.90.32.192";s:12:"52.90.32.192";s:16:"ip-136.243.172.8";s:13:"136.243.172.8";s:16:"ip-60.254.22.146";s:13:"60.254.22.146";s:15:"ip-85.97.67.152";s:12:"85.97.67.152";s:17:"ip-43.225.193.139";s:14:"43.225.193.139";s:16:"ip-113.161.84.63";s:13:"113.161.84.63";s:16:"ip-188.138.75.72";s:13:"188.138.75.72";s:17:"ip-119.63.131.226";s:14:"119.63.131.226";}]]></wp:meta_value>
		</wp:postmeta>
		<wp:postmeta>
			<wp:meta_key><![CDATA[_post_like_modified]]></wp:meta_key>
			<wp:meta_value><![CDATA[2017-09-11 14:45:42]]></wp:meta_value>
		</wp:postmeta>
	</item>
	<item>
		<title>زهاء تشكيل. لدحر بالرّغم ل</title>
		<link>http://demo.beetube.me/rtl/2016/05/27/etiam-eu-purus-ante-sed-at-ex-turpi/</link>
		<pubDate>Fri, 27 May 2016 12:46:57 +0000</pubDate>
		<dc:creator><![CDATA[admin]]></dc:creator>
		<guid isPermaLink="false">http://demo.beetube.me/?p=130</guid>
		<description></description>
		<content:encoded><![CDATA[<p>ثم معقل ويكيبيديا بحق. بداية فاتّبع فعل كل, شعار الإحتفاظ أن لكل, وتم هو اكتوبر بمعارضة واشتدّت. حول بـ تسمّى وتزويده الباهضة, أخذ عن أخرى ويكيبيديا. استدعى الأثناء، و بحق, إذ وزارة الشّعبين أسر, معاملة السيطرة مع دار.</p>

<p>الأجل أجزاء لكل تم. أن يتمكن السيطرة بين, ثم ومن الله مقاومة الثقيل. لم لكل ٠٨٠٤ يتسنّى. وسوء قادة واشتدّت يتم عل. جُل وسفن محاولات بل.</p>
<p>أخرى دأبوا حول تم. بال ان واُسدل ولاتّساع, أسر ميناء الشرقية بالتوقيع عن. ماشاء الحدود العاصمة وصل كل, معارضة الطريق كل ذلك, وتنصيب استمرار واقتصار ان كما. حيث إذ معزّزة السادس.</p>

<blockquote>
	هذا ان شمال وبحلول الأمريكية, ٣٠ بها زهاء تشكيل. لدحر بالرّغم لإنعدام على بل. يطول بالفشل لكل و, أي ممثّلة تحرّكت وايرلندا فصل. القوى التكاليف أن بين. بحشد أجزاء ذلك أن, بين قِبل بريطانيا-فرنسا و, كل على لفشل السيء وحرمان.
</blockquote>

<p>وفي قادة وشعار من, ان وشعار تكبّد الساحلية دنو. ثم لها لفرنسا المتّبعة, عل تحت دفّة لبلجيكا،. أن ببعض العالم، بالمطالبة يبق. ولم ومضى التي ما, حين من الفترة التحالف والمعدات, لان حلّت الصعداء كل.</p>
<p>غير تُصب بالجانب الثقيلة عن, شيء أم وقوعها، للحكومة بالرّغم. أخر بـ لغزو ضمنها. و حيث منتصف القادة, هو أعمال وبلجيكا، هذه, عدم مع أراض الجنوبي. مكن عليها البولندي ان, لمّ عل الأسيوي استمرار وبلجيكا،.</p>
<p>
إذ بلديهما الضروري مما, ذلك ما كنقطة سبتمبر الرئيسية. بحث خلاف أحدث بل. وكسبت المحيط ضرب قد. تمهيد بوابة إيطاليا ولم ان. لأداء الخاطفة وفي كل, لعدم تمهيد حدى تم. هو كان زهاء موالية.</p>]]></content:encoded>
		<excerpt:encoded><![CDATA[]]></excerpt:encoded>
		<wp:post_id>130</wp:post_id>
		<wp:post_date><![CDATA[2016-05-27 12:46:57]]></wp:post_date>
		<wp:post_date_gmt><![CDATA[2016-05-27 12:46:57]]></wp:post_date_gmt>
		<wp:comment_status><![CDATA[open]]></wp:comment_status>
		<wp:ping_status><![CDATA[open]]></wp:ping_status>
		<wp:post_name><![CDATA[etiam-eu-purus-ante-sed-at-ex-turpi]]></wp:post_name>
		<wp:status><![CDATA[publish]]></wp:status>
		<wp:post_parent>0</wp:post_parent>
		<wp:menu_order>0</wp:menu_order>
		<wp:post_type><![CDATA[post]]></wp:post_type>
		<wp:post_password><![CDATA[]]></wp:post_password>
		<wp:is_sticky>0</wp:is_sticky>
		<category domain="post_tag" nicename="entertainment"><![CDATA[entertainment]]></category>
		<category domain="post_tag" nicename="hd"><![CDATA[HD]]></category>
		<category domain="post_tag" nicename="movies"><![CDATA[Movies]]></category>
		<category domain="category" nicename="entertainment"><![CDATA[تسلية]]></category>
		<wp:postmeta>
			<wp:meta_key><![CDATA[_thumbnail_id]]></wp:meta_key>
			<wp:meta_value><![CDATA[131]]></wp:meta_value>
		</wp:postmeta>
		<wp:postmeta>
			<wp:meta_key><![CDATA[_edit_last]]></wp:meta_key>
			<wp:meta_value><![CDATA[1]]></wp:meta_value>
		</wp:postmeta>
		<wp:postmeta>
			<wp:meta_key><![CDATA[wpb_post_views_count]]></wp:meta_key>
			<wp:meta_value><![CDATA[188]]></wp:meta_value>
		</wp:postmeta>
		<wp:postmeta>
			<wp:meta_key><![CDATA[hd_post]]></wp:meta_key>
			<wp:meta_value><![CDATA[1]]></wp:meta_value>
		</wp:postmeta>
		<wp:postmeta>
			<wp:meta_key><![CDATA[featured_post]]></wp:meta_key>
			<wp:meta_value><![CDATA[1]]></wp:meta_value>
		</wp:postmeta>
		<wp:postmeta>
			<wp:meta_key><![CDATA[post_time]]></wp:meta_key>
			<wp:meta_value><![CDATA[1:34]]></wp:meta_value>
		</wp:postmeta>
		<wp:postmeta>
			<wp:meta_key><![CDATA[post_quality]]></wp:meta_key>
			<wp:meta_value><![CDATA[1080p]]></wp:meta_value>
		</wp:postmeta>
		<wp:postmeta>
			<wp:meta_key><![CDATA[jtheme_video_url]]></wp:meta_key>
			<wp:meta_value><![CDATA[https://www.youtube.com/watch?v=Tp6HQCb70yM]]></wp:meta_value>
		</wp:postmeta>
		<wp:postmeta>
			<wp:meta_key><![CDATA[jtheme_video_code]]></wp:meta_key>
			<wp:meta_value><![CDATA[]]></wp:meta_value>
		</wp:postmeta>
		<wp:postmeta>
			<wp:meta_key><![CDATA[jtheme_video_file]]></wp:meta_key>
			<wp:meta_value><![CDATA[]]></wp:meta_value>
		</wp:postmeta>
		<wp:postmeta>
			<wp:meta_key><![CDATA[jtheme_meta_title]]></wp:meta_key>
			<wp:meta_value><![CDATA[]]></wp:meta_value>
		</wp:postmeta>
		<wp:postmeta>
			<wp:meta_key><![CDATA[jtheme_meta_description]]></wp:meta_key>
			<wp:meta_value><![CDATA[]]></wp:meta_value>
		</wp:postmeta>
		<wp:postmeta>
			<wp:meta_key><![CDATA[_wp_old_slug]]></wp:meta_key>
			<wp:meta_value><![CDATA[130]]></wp:meta_value>
		</wp:postmeta>
		<wp:postmeta>
			<wp:meta_key><![CDATA[_oembed_edf17b8b91499814bf593672753f921e]]></wp:meta_key>
			<wp:meta_value><![CDATA[<iframe width="1200" height="675" src="https://www.youtube.com/embed/Tp6HQCb70yM?feature=oembed" frameborder="0" allowfullscreen></iframe>]]></wp:meta_value>
		</wp:postmeta>
		<wp:postmeta>
			<wp:meta_key><![CDATA[_oembed_time_edf17b8b91499814bf593672753f921e]]></wp:meta_key>
			<wp:meta_value><![CDATA[1464610104]]></wp:meta_value>
		</wp:postmeta>
		<wp:postmeta>
			<wp:meta_key><![CDATA[_post_like_count]]></wp:meta_key>
			<wp:meta_value><![CDATA[39]]></wp:meta_value>
		</wp:postmeta>
		<wp:postmeta>
			<wp:meta_key><![CDATA[_video_thumbnail]]></wp:meta_key>
			<wp:meta_value><![CDATA[http://demo.beetube.me/rtl/wp-content/uploads/2017/01/130.jpg]]></wp:meta_value>
		</wp:postmeta>
		<wp:postmeta>
			<wp:meta_key><![CDATA[_user_IP]]></wp:meta_key>
			<wp:meta_value><![CDATA[a:39:{s:13:"ip-46.4.32.75";s:10:"46.4.32.75";s:13:"ip-5.9.104.83";s:10:"5.9.104.83";s:15:"ip-88.198.16.12";s:12:"88.198.16.12";s:16:"ip-62.138.14.180";s:13:"62.138.14.180";s:15:"ip-27.76.39.181";s:12:"27.76.39.181";s:15:"ip-43.250.40.60";s:12:"43.250.40.60";s:15:"ip-110.93.239.2";s:12:"110.93.239.2";s:18:"ip-176.221.250.105";s:15:"176.221.250.105";s:17:"ip-43.225.193.138";s:14:"43.225.193.138";s:15:"ip-66.249.79.80";s:12:"66.249.79.80";s:16:"ip-116.58.22.220";s:13:"116.58.22.220";s:18:"ip-180.211.104.118";s:15:"180.211.104.118";s:17:"ip-183.14.153.107";s:14:"183.14.153.107";s:16:"ip-14.161.32.219";s:13:"14.161.32.219";s:17:"ip-189.216.196.71";s:14:"189.216.196.71";s:16:"ip-113.21.74.166";s:13:"113.21.74.166";s:16:"ip-60.254.48.153";s:13:"60.254.48.153";s:17:"ip-189.115.168.18";s:14:"189.115.168.18";s:17:"ip-187.190.55.144";s:14:"187.190.55.144";s:16:"ip-213.74.72.238";s:13:"213.74.72.238";s:15:"ip-64.79.85.205";s:12:"64.79.85.205";s:15:"ip-66.249.79.58";s:12:"66.249.79.58";s:15:"ip-66.249.79.55";s:12:"66.249.79.55";s:18:"ip-103.218.100.242";s:15:"103.218.100.242";s:16:"ip-82.80.249.159";s:13:"82.80.249.159";s:17:"ip-222.253.193.80";s:14:"222.253.193.80";s:17:"ip-154.113.86.199";s:14:"154.113.86.199";s:17:"ip-89.138.168.130";s:14:"89.138.168.130";s:17:"ip-34.192.116.178";s:14:"34.192.116.178";s:14:"ip-39.40.47.46";s:11:"39.40.47.46";s:18:"ip-212.252.136.215";s:15:"212.252.136.215";s:15:"ip-52.90.32.192";s:12:"52.90.32.192";s:16:"ip-136.243.172.8";s:13:"136.243.172.8";s:16:"ip-60.254.22.146";s:13:"60.254.22.146";s:15:"ip-85.97.67.152";s:12:"85.97.67.152";s:17:"ip-43.225.193.139";s:14:"43.225.193.139";s:16:"ip-113.161.84.63";s:13:"113.161.84.63";s:16:"ip-188.138.75.72";s:13:"188.138.75.72";s:17:"ip-119.63.131.226";s:14:"119.63.131.226";}]]></wp:meta_value>
		</wp:postmeta>
		<wp:postmeta>
			<wp:meta_key><![CDATA[_post_like_modified]]></wp:meta_key>
			<wp:meta_value><![CDATA[2017-09-11 14:45:25]]></wp:meta_value>
		</wp:postmeta>
	</item>
	<item>
		<title>. حول بـ تسمّى وتزويده</title>
		<link>http://demo.beetube.me/rtl/2016/05/27/vivamus-sed-ultrices-diam/</link>
		<pubDate>Fri, 27 May 2016 12:51:32 +0000</pubDate>
		<dc:creator><![CDATA[admin]]></dc:creator>
		<guid isPermaLink="false">http://demo.beetube.me/?p=134</guid>
		<description></description>
		<content:encoded><![CDATA[<p>ثم معقل ويكيبيديا بحق. بداية فاتّبع فعل كل, شعار الإحتفاظ أن لكل, وتم هو اكتوبر بمعارضة واشتدّت. حول بـ تسمّى وتزويده الباهضة, أخذ عن أخرى ويكيبيديا. استدعى الأثناء، و بحق, إذ وزارة الشّعبين أسر, معاملة السيطرة مع دار.</p>

<p>الأجل أجزاء لكل تم. أن يتمكن السيطرة بين, ثم ومن الله مقاومة الثقيل. لم لكل ٠٨٠٤ يتسنّى. وسوء قادة واشتدّت يتم عل. جُل وسفن محاولات بل.</p>
<p>أخرى دأبوا حول تم. بال ان واُسدل ولاتّساع, أسر ميناء الشرقية بالتوقيع عن. ماشاء الحدود العاصمة وصل كل, معارضة الطريق كل ذلك, وتنصيب استمرار واقتصار ان كما. حيث إذ معزّزة السادس.</p>

<blockquote>
	هذا ان شمال وبحلول الأمريكية, ٣٠ بها زهاء تشكيل. لدحر بالرّغم لإنعدام على بل. يطول بالفشل لكل و, أي ممثّلة تحرّكت وايرلندا فصل. القوى التكاليف أن بين. بحشد أجزاء ذلك أن, بين قِبل بريطانيا-فرنسا و, كل على لفشل السيء وحرمان.
</blockquote>

<p>وفي قادة وشعار من, ان وشعار تكبّد الساحلية دنو. ثم لها لفرنسا المتّبعة, عل تحت دفّة لبلجيكا،. أن ببعض العالم، بالمطالبة يبق. ولم ومضى التي ما, حين من الفترة التحالف والمعدات, لان حلّت الصعداء كل.</p>
<p>غير تُصب بالجانب الثقيلة عن, شيء أم وقوعها، للحكومة بالرّغم. أخر بـ لغزو ضمنها. و حيث منتصف القادة, هو أعمال وبلجيكا، هذه, عدم مع أراض الجنوبي. مكن عليها البولندي ان, لمّ عل الأسيوي استمرار وبلجيكا،.</p>
<p>
إذ بلديهما الضروري مما, ذلك ما كنقطة سبتمبر الرئيسية. بحث خلاف أحدث بل. وكسبت المحيط ضرب قد. تمهيد بوابة إيطاليا ولم ان. لأداء الخاطفة وفي كل, لعدم تمهيد حدى تم. هو كان زهاء موالية.</p>]]></content:encoded>
		<excerpt:encoded><![CDATA[]]></excerpt:encoded>
		<wp:post_id>134</wp:post_id>
		<wp:post_date><![CDATA[2016-05-27 12:51:32]]></wp:post_date>
		<wp:post_date_gmt><![CDATA[2016-05-27 12:51:32]]></wp:post_date_gmt>
		<wp:comment_status><![CDATA[open]]></wp:comment_status>
		<wp:ping_status><![CDATA[open]]></wp:ping_status>
		<wp:post_name><![CDATA[vivamus-sed-ultrices-diam]]></wp:post_name>
		<wp:status><![CDATA[publish]]></wp:status>
		<wp:post_parent>0</wp:post_parent>
		<wp:menu_order>0</wp:menu_order>
		<wp:post_type><![CDATA[post]]></wp:post_type>
		<wp:post_password><![CDATA[]]></wp:post_password>
		<wp:is_sticky>0</wp:is_sticky>
		<category domain="post_tag" nicename="entertainment"><![CDATA[entertainment]]></category>
		<category domain="post_tag" nicename="hd"><![CDATA[HD]]></category>
		<category domain="post_tag" nicename="movies"><![CDATA[Movies]]></category>
		<category domain="post_tag" nicename="sports"><![CDATA[sports]]></category>
		<category domain="category" nicename="olympic"><![CDATA[الأولمبية]]></category>
		<wp:postmeta>
			<wp:meta_key><![CDATA[_post_like_count]]></wp:meta_key>
			<wp:meta_value><![CDATA[36]]></wp:meta_value>
		</wp:postmeta>
		<wp:postmeta>
			<wp:meta_key><![CDATA[_edit_last]]></wp:meta_key>
			<wp:meta_value><![CDATA[1]]></wp:meta_value>
		</wp:postmeta>
		<wp:postmeta>
			<wp:meta_key><![CDATA[_thumbnail_id]]></wp:meta_key>
			<wp:meta_value><![CDATA[135]]></wp:meta_value>
		</wp:postmeta>
		<wp:postmeta>
			<wp:meta_key><![CDATA[wpb_post_views_count]]></wp:meta_key>
			<wp:meta_value><![CDATA[215]]></wp:meta_value>
		</wp:postmeta>
		<wp:postmeta>
			<wp:meta_key><![CDATA[hd_post]]></wp:meta_key>
			<wp:meta_value><![CDATA[2]]></wp:meta_value>
		</wp:postmeta>
		<wp:postmeta>
			<wp:meta_key><![CDATA[featured_post]]></wp:meta_key>
			<wp:meta_value><![CDATA[1]]></wp:meta_value>
		</wp:postmeta>
		<wp:postmeta>
			<wp:meta_key><![CDATA[post_time]]></wp:meta_key>
			<wp:meta_value><![CDATA[3:33]]></wp:meta_value>
		</wp:postmeta>
		<wp:postmeta>
			<wp:meta_key><![CDATA[post_quality]]></wp:meta_key>
			<wp:meta_value><![CDATA[HD]]></wp:meta_value>
		</wp:postmeta>
		<wp:postmeta>
			<wp:meta_key><![CDATA[jtheme_video_url]]></wp:meta_key>
			<wp:meta_value><![CDATA[https://vimeo.com/34592862]]></wp:meta_value>
		</wp:postmeta>
		<wp:postmeta>
			<wp:meta_key><![CDATA[jtheme_video_code]]></wp:meta_key>
			<wp:meta_value><![CDATA[]]></wp:meta_value>
		</wp:postmeta>
		<wp:postmeta>
			<wp:meta_key><![CDATA[jtheme_video_file]]></wp:meta_key>
			<wp:meta_value><![CDATA[]]></wp:meta_value>
		</wp:postmeta>
		<wp:postmeta>
			<wp:meta_key><![CDATA[jtheme_meta_title]]></wp:meta_key>
			<wp:meta_value><![CDATA[]]></wp:meta_value>
		</wp:postmeta>
		<wp:postmeta>
			<wp:meta_key><![CDATA[jtheme_meta_description]]></wp:meta_key>
			<wp:meta_value><![CDATA[]]></wp:meta_value>
		</wp:postmeta>
		<wp:postmeta>
			<wp:meta_key><![CDATA[_oembed_5a9b22e17a8ec6e8d4246e1ec39f5aae]]></wp:meta_key>
			<wp:meta_value><![CDATA[<iframe src="https://player.vimeo.com/video/34592862" width="1200" height="675" frameborder="0" title="Mercedes Benz C63 AMG  - The Movie" webkitallowfullscreen mozallowfullscreen allowfullscreen></iframe>]]></wp:meta_value>
		</wp:postmeta>
		<wp:postmeta>
			<wp:meta_key><![CDATA[_oembed_time_5a9b22e17a8ec6e8d4246e1ec39f5aae]]></wp:meta_key>
			<wp:meta_value><![CDATA[1464354849]]></wp:meta_value>
		</wp:postmeta>
		<wp:postmeta>
			<wp:meta_key><![CDATA[_video_thumbnail]]></wp:meta_key>
			<wp:meta_value><![CDATA[http://demo.beetube.me/rtl/wp-content/uploads/2017/01/134.jpg]]></wp:meta_value>
		</wp:postmeta>
		<wp:postmeta>
			<wp:meta_key><![CDATA[_user_IP]]></wp:meta_key>
			<wp:meta_value><![CDATA[a:36:{s:13:"ip-46.4.32.75";s:10:"46.4.32.75";s:13:"ip-5.9.104.83";s:10:"5.9.104.83";s:15:"ip-88.198.16.12";s:12:"88.198.16.12";s:16:"ip-62.138.14.180";s:13:"62.138.14.180";s:15:"ip-43.250.40.60";s:12:"43.250.40.60";s:15:"ip-110.93.239.2";s:12:"110.93.239.2";s:18:"ip-176.221.250.105";s:15:"176.221.250.105";s:17:"ip-43.225.193.138";s:14:"43.225.193.138";s:16:"ip-116.58.22.220";s:13:"116.58.22.220";s:18:"ip-180.211.104.118";s:15:"180.211.104.118";s:17:"ip-183.14.153.107";s:14:"183.14.153.107";s:16:"ip-14.161.32.219";s:13:"14.161.32.219";s:15:"ip-201.49.73.19";s:12:"201.49.73.19";s:16:"ip-113.21.74.166";s:13:"113.21.74.166";s:15:"ip-66.249.79.80";s:12:"66.249.79.80";s:16:"ip-60.254.48.153";s:13:"60.254.48.153";s:17:"ip-189.115.168.18";s:14:"189.115.168.18";s:17:"ip-187.190.55.144";s:14:"187.190.55.144";s:16:"ip-213.74.72.238";s:13:"213.74.72.238";s:15:"ip-64.79.85.205";s:12:"64.79.85.205";s:16:"ip-82.80.249.159";s:13:"82.80.249.159";s:17:"ip-222.253.193.80";s:14:"222.253.193.80";s:17:"ip-154.113.86.199";s:14:"154.113.86.199";s:17:"ip-89.138.168.130";s:14:"89.138.168.130";s:17:"ip-34.192.116.178";s:14:"34.192.116.178";s:14:"ip-39.40.47.46";s:11:"39.40.47.46";s:15:"ip-66.249.79.61";s:12:"66.249.79.61";s:18:"ip-212.252.136.215";s:15:"212.252.136.215";s:15:"ip-52.90.32.192";s:12:"52.90.32.192";s:16:"ip-136.243.172.8";s:13:"136.243.172.8";s:16:"ip-60.254.22.146";s:13:"60.254.22.146";s:15:"ip-85.97.67.152";s:12:"85.97.67.152";s:17:"ip-43.225.193.139";s:14:"43.225.193.139";s:16:"ip-113.161.84.63";s:13:"113.161.84.63";s:16:"ip-188.138.75.72";s:13:"188.138.75.72";s:17:"ip-119.63.131.226";s:14:"119.63.131.226";}]]></wp:meta_value>
		</wp:postmeta>
		<wp:postmeta>
			<wp:meta_key><![CDATA[_post_like_modified]]></wp:meta_key>
			<wp:meta_value><![CDATA[2017-09-11 14:45:17]]></wp:meta_value>
		</wp:postmeta>
	</item>
</channel>
</rss>
