{"last_tab":"","betube-logo":{"url":"http:\/\/demo.beetube.me\/wp-content\/uploads\/2016\/07\/logo.png","id":"","height":"","width":"","thumbnail":""},"betube-favicon":{"url":"http:\/\/demo.beetube.me\/wp-content\/themes\/betube\/favicon.png","id":"","height":"","width":"","thumbnail":""},"betube-light-dark":"light","betube_boxed":"wide","betube_boxed_bg_section":{"background-color":"transparent","background-repeat":"no-repeat","background-size":"cover","background-attachment":"fixed","background-position":"center center","background-image":"http:\/\/demo.beetube.me\/mag\/wp-content\/uploads\/2017\/09\/bg-image.png","media":{"id":"220","height":"1600","width":"1920","thumbnail":"http:\/\/demo.beetube.me\/mag\/wp-content\/uploads\/2017\/09\/bg-image-150x150.png"}},"nav-sticky":"1","infinite-scroll":"1","backtotop":"1","newusernotification":"2","betube-publish-post-notification":"2","betube_categories_desc":"0","tags_limit":"15","author_limit_all":"9","home-cat-counter":"10","all-videos-page-counter":"9","all-movies-page-counter":"8","betube-main-grid-selection":"gridsmall","betube-header-style":"v7","betube_all_videos_style":"list","betube-footer-on":"1","footer_copyright":"All copyrights reserved \u00a9 2017","betube_footer_fullwidth":"normal","footer-logo":{"url":"http:\/\/demo.beetube.me\/wp-content\/uploads\/2016\/05\/footerlogo.png","id":"","height":"","width":"","thumbnail":""},"betube-loader-on":"1","betube-loader-img":{"url":"http:\/\/demo.beetube.me\/mag\/wp-content\/uploads\/2017\/09\/betube-loader.gif","id":"214","height":"149","width":"320","thumbnail":"http:\/\/demo.beetube.me\/mag\/wp-content\/uploads\/2017\/09\/betube-loader-150x149.gif"},"betube-loader-bg":"#ffffff","landing-first-section-on":"1","landing-first-section-title":"Newest Videos","landing-first-grid-selection":"gridsmall","landing-first-section-category":"","landing-first-section-pcount":"12","landing-first-section-order":"date","landing-first-section-ad_code":"","landing-second-section-on":"1","landing-second-section-title":"Most Popular Videos","landing-second-grid-selection":"gridsmall","landing-second-section-category":"","landing-second-section-pcount":"12","landing-second-section-order":"views","landing-second-section-ad_code":"","landing-third-section-on":"0","landing-third-section-title":"Most Liked","landing-third-grid-selection":"gridsmall","landing-third-section-category":"","landing-third-section-pcount":"12","landing-third-section-order":"date","landing-third-section-ad_code":"","landing-fourth-section-on":"0","landing-fourth-section-title":"Fourth Title","landing-fourth-grid-selection":"gridsmall","landing-fourth-section-category":"","landing-fourth-section-pcount":"4","landing-fourth-section-order":"date","landing-fourth-section-ad_code":"","landing-five-section-on":"0","landing-five-section-title":"five Title","landing-five-grid-selection":"gridsmall","landing-five-section-category":"","landing-five-section-pcount":"2","landing-five-section-order":"date","landing-five-section-ad_code":"","randomcat-title-homev5":"Watch Videos from random Medias","randomcat-desc-homev5":"Lorem Ipsum is simply dummy text of the printing and typesetting industry. Lorem Ipsum has been the industrys standard dummy text ever since the 1500s, when an unknown printer took a galley of type and scrambled it to make a type specimen book.","randomcat-list-homev5":["1"],"randomcat-section-pcount":"6","randomcat-grid-selection":"gridsmall","betube_cat_slider_fullwidth":"1","betube_cat_slider":["5","2","11","6","35","4","3","32"],"betube-movies-section":"1","betube_movies_fullwidth":"1","movies-section-pcount":"6","movies-section-ad_code":"","betube_blog_section_on":"1","betube_blog_section_fullwidth":"1","betube_blog_section_title":"Latest From Blog","betube_blog_section_count":"6","betube_blog_section_post_order":"title","betube_news_categories":["1"],"betube_news_count":"6","betube_news_sort_order":"title","betube_trendy_posts_off":"1","betube_trendy_posts_title":"TRENDY POSTS","betube_trendy_posts_icon":"fa fa-bolt","betube_trendy_posts_icon_color":"#56a4ca","betube_trendy_posts_desc":"It is a long established fact that a reader","betube_trendy_posts_categories":["5","2","11","6","4","3"],"betube_trendy_posts_count":"10","betube_featured_posts_title":"Featured Posts","betube_featured_posts_desc":"It is a long established fact that a reader","betube_featured_posts_icon":"fa fa-star","betube_featured_posts_icon_color":"#ffc107","betube_featured_posts_type":{"image":"1","video":"1","audio":"1"},"betube_featured_posts_adv":"<img src=\"http:\/\/demo.beetube.me\/mag\/wp-content\/uploads\/2017\/09\/sample-avd-1.png\" >","betube_mag_main_cat":"3","betube_mag_main_cat_des":"It is a long established fact that a reader","betube_mag_multi_categories":["2","11","6","4"],"betube_watch_news_title":"Watch News","betube_watch_news_description":"It is a long established fact that a reader","betube_watch_news_icon":"fa fa-bullhorn","betube_watch_news_icon_color":"#f44336","betube_watch_news_cats":["5","2","11","6","35","4"],"betube_watch_news_post_count":"10","betube_mag_favorite_on":"1","betube_mag_favorite_cats_list":["11","6"],"betube_mag_favorite_adv":"<img src=\"http:\/\/demo.beetube.me\/mag\/wp-content\/uploads\/2017\/09\/sample-avd-1.png\" >","betube_mag_recent_posts":"Recent Posts","betube_mag_recent_posts_desc":"It is a long established fact that a reader","betube_mag_recent_posts_icon":"fa fa-bullhorn","betube_mag_recent_posts_color":"#40c4ff","betube_mag_recent_posts_cat_list":["5","2","11","6","35","4","3","1","32"],"betube_mag_recent_posts_type":{"image":"1","video":"1","audio":"1"},"betube_mag_recent_posts_count":"6","betube_mag_more_news_title":"More News","betube_mag_more_news_desc":"It is a long established fact that a reader","betube_mag_more_news_icon":"fa fa-bullhorn","betube_mag_more_news_color":"#3dbd5d","betube_mag_more_news_cat_list":["5","2","11","6","35","4","3"],"betube_mag_more_news_post_types":{"image":"1","video":"1","audio":"1"},"betube_mag_more_news_post_count":"4","betube_carousel_slider_off":"1","betube_mag_layout_manager":{"disabled":{"placebo":"placebo"},"enabled":{"placebo":"placebo","featuredmag":"Featured Posts","multicatsmag":"Multi Categories","watchnewsmag":"Watch News","favoritecatsmag":"Favorite Categories","recentmag":"Recent Posts Section","morenewsmag":"More News"}},"betube-landing-layout":{"disabled":{"placebo":"placebo","moviesv2":"Movies Slider V2","blogsection":"Blogs Posts"},"enabled":{"placebo":"placebo","layerslider":"LayerSlider","verticalslider":"Vertical Slider","caraslider":"Carousel Slider","featuredvideos":"Featured Videos Slider","homecategory":"Categories","maincontent":"Video Content","maincontent2":"Videos With Sidebar","maincontent3":"Videos With Sidebar BG","maincontent4":"FullWidth Videos Section","randomcat":"Random Categories","movies":"Movies Slider"}},"betube-vertical-slider-thumb":"1","betube-vertical-slider-cat":["1"],"betube-vertical-slider-count":"10","featured-caton":"1","featured-slider-on":"1","featured-cat":["5","2","11","6","35","4","3"],"featured-counter":"9","betube-cara-slider-category":["5","2","11","6","35","4","3"],"betube-cara-slider-count":"9","betube-tags-on":"1","betube-floting-video":"1","betube-plugin-adv":"1","betube-post-moderation-on":"2","betube-multi-player":"2","betube-custom-uploading":"2","betube_social_share_btn":"1","betube-default-player":"2","betube-single-video-layout":"2","betube_related_video_count":"3","login":"http:\/\/demo.beetube.me\/mag\/login\/","register":"http:\/\/demo.beetube.me\/mag\/register\/","profile":"http:\/\/demo.beetube.me\/mag\/profile\/","edit-profile":"http:\/\/demo.beetube.me\/mag\/edit-profile\/","new_post":"http:\/\/demo.beetube.me\/mag\/submit-video\/","edit_post":"http:\/\/demo.beetube.me\/mag\/edit-post\/","all-cat-page-link":"http:\/\/demo.beetube.me\/mag\/all-categories\/","all-video-page-link":"http:\/\/demo.beetube.me\/mag\/all-posts\/","all-video-single-user":"http:\/\/demo.beetube.me\/mag\/single-user-all-posts\/","all-followers":"http:\/\/demo.beetube.me\/mag\/followers\/","reset":"http:\/\/demo.beetube.me\/mag\/reset-password\/","termsandcondition":"","all-favourite":"http:\/\/demo.beetube.me\/mag\/favorite\/","betube-google-ads-for-blog":"","betube-google-ads-for-category-page":"","betube-google-ads-for-all-video-page":"","betube-google-ads-header-v6":"<img src=\"http:\/\/demo.beetube.me\/mag\/wp-content\/uploads\/2017\/09\/betube-small.png\" alt=\"Image\">","betube-google-adv-boxed-v1":"<img src=\"http:\/\/demo.beetube.me\/mag\/wp-content\/uploads\/2017\/09\/verticle.jpg\" alt=\"vertical\">","betube-google-adv-boxed-v2":"<img src=\"http:\/\/demo.beetube.me\/mag\/wp-content\/uploads\/2017\/09\/verticle.jpg\" alt=\"vertical\">","facebook-link":"http:\/\/www.facebook.com\/joinwebs\/","twitter-link":"http:\/\/www.twitter.com\/joinwebs\/","dribbble-link":"http:\/\/www.Dribbble.com\/joinwebs\/","flickr-link":"","github-link":"","pinterest-link":"http:\/\/www.pinterest.com\/joinwebs\/","youtube-link":"http:\/\/www.youtube.com\/joinwebs\/","google-plus-link":"https:\/\/plus.google.com\/+Joinwebs","linkedin-link":"https:\/\/www.linkedin.com\/company\/joinwebs","instagram-link":"","vimeo-link":"","twitter_user_name":"joinwebs","consumer_key":"","consumer_secret":"","access_token":"","access_token_secret":"","betube-facebook-meta-on":"1","betubefbappid":"","betube-play-on-facebook":"1","betube-facebook-comment":"2","contact-map":"1","contact-email":"","contact-email-error":"You entered an invalid email.","contact-name-error":"You forgot to enter your name.","contact-message-error":"You forgot to enter your message.","contact-thankyou-message":"Thank you! We will get back to you as soon as possible.","betube_google_api":"AIzaSyDfJX83qTdC9jW-ICFJxRkoEX2C751_Zh8","contact-latitude":"31.516370","contact-longitude":"74.258727","contact-zoom":"16","betube-contact-title":"JoinWebs","betube-contact-address":"Lahore, Pakistan","contact-description":"Semper ac dolor vitae accumsan. Cras interdum hendrerit lacinia.Phasellusaccumsan urna vitae molestie interdum. Nam sed placerat libero, non eleifend dolor.","contact-address":"Our business address is 1063 Freelon Street San Francisco, CA 95108","contact-phone":"021.343.7575","contact-fax":"021.343.7576","betube-color-title":"#444444","betube_body_color":"#ffffff","betube-primary-color":"#e96969","betube-secondary-color":"#444444","betube-breadcrumb-bg":"#fafafa","betube-breadcrumb-txt-color":"#aaaaaa","betube-vertical-slider-bg":"#e1e1e1","betube-sidebar-color":"#f6f6f6","betube-footer-bg-color":"#444444","betube-footer-heading-color":"#ececec","betube-footer-text-color":"#aaaaaa","betube-footer-tag-bg":"#6c6c6c","betube-footer-bottom-bg":"#2e2e2e","body-font":{"font-family":"Open Sans","font-options":"","google":"1","font-weight":"400","font-style":"","subsets":"latin","text-align":"inherit","font-size":"14px","line-height":"24px","color":"#6c6c6c"},"heding1-font":{"font-family":"Open Sans","font-options":"","google":"1","font-weight":"800","font-style":"","subsets":"latin","text-align":"inherit","font-size":"36px","line-height":"36px","color":"#232323"},"heding2-font":{"font-family":"Open Sans","font-options":"","google":"1","font-weight":"800","font-style":"","subsets":"latin","text-align":"inherit","font-size":"30px","line-height":"30px","color":"#232323"},"heding3-font":{"font-family":"Open Sans","font-options":"","google":"1","font-weight":"800","font-style":"","subsets":"latin","text-align":"inherit","font-size":"24px","line-height":"28px","color":"#444"},"heding4-font":{"font-family":"Open Sans","font-options":"","google":"1","font-weight":"800","font-style":"","subsets":"latin","text-align":"inherit","font-size":"18px","line-height":"18px","color":"#232323"},"heding5-font":{"font-family":"Open Sans","font-options":"","google":"1","font-weight":"800","font-style":"","subsets":"latin","text-align":"inherit","font-size":"16px","line-height":"16px","color":"#232323"},"heding6-font":{"font-family":"Open Sans","font-options":"","google":"1","font-weight":"800","font-style":"","subsets":"latin","text-align":"inherit","font-size":"14px","line-height":"14px","color":"#232323"},"redux-backup":"1"}