<?xml version="1.0" encoding="UTF-8" ?>
<!-- This is a WordPress eXtended RSS file generated by WordPress as an export of your site. -->
<!-- It contains information about your site's posts, pages, comments, categories, and other content. -->
<!-- You may use this file to transfer that content from one site to another. -->
<!-- This file is not intended to serve as a complete backup of your site. -->

<!-- To import this information into a WordPress site follow these steps: -->
<!-- 1. Log in to that site as an administrator. -->
<!-- 2. Go to Tools: Import in the WordPress admin panel. -->
<!-- 3. Install the "WordPress" importer from the list. -->
<!-- 4. Activate & Run Importer. -->
<!-- 5. Upload this file using the form provided on that page. -->
<!-- 6. You will first be asked to map the authors in this export file to users -->
<!--    on the site. For each author, you may choose to map to an -->
<!--    existing user on the site or to create a new user. -->
<!-- 7. WordPress will then import each of the posts, pages, comments, categories, etc. -->
<!--    contained in this file into your site. -->

<!-- generator="WordPress/4.8.1" created="2017-09-19 08:46" -->
<rss version="2.0"
	xmlns:excerpt="http://wordpress.org/export/1.2/excerpt/"
	xmlns:content="http://purl.org/rss/1.0/modules/content/"
	xmlns:wfw="http://wellformedweb.org/CommentAPI/"
	xmlns:dc="http://purl.org/dc/elements/1.1/"
	xmlns:wp="http://wordpress.org/export/1.2/"
>

<channel>
	<title>beTube Video WordPress Theme</title>
	<link>http://demo.beetube.me/mag</link>
	<description>Just another WordPress site</description>
	<pubDate>Tue, 19 Sep 2017 08:46:06 +0000</pubDate>
	<language>en-US</language>
	<wp:wxr_version>1.2</wp:wxr_version>
	<wp:base_site_url>http://demo.beetube.me/mag</wp:base_site_url>
	<wp:base_blog_url>http://demo.beetube.me/mag</wp:base_blog_url>

	<wp:author><wp:author_id>1</wp:author_id><wp:author_login><![CDATA[admin]]></wp:author_login><wp:author_email><![CDATA[lahoreseo@gmail.com]]></wp:author_email><wp:author_display_name><![CDATA[admin]]></wp:author_display_name><wp:author_first_name><![CDATA[]]></wp:author_first_name><wp:author_last_name><![CDATA[]]></wp:author_last_name></wp:author>


	<generator>https://wordpress.org/?v=4.8.1</generator>

	<item>
		<title>Neque porro quisquam est</title>
		<link>http://demo.beetube.me/mag/blog/there-are-many-variations-of-passage/</link>
		<pubDate>Fri, 27 May 2016 09:36:03 +0000</pubDate>
		<dc:creator><![CDATA[admin]]></dc:creator>
		<guid isPermaLink="false">http://demo.beetube.me/?post_type=blog&#038;p=76</guid>
		<description></description>
		<content:encoded><![CDATA[<p>Sed ut perspiciatis unde omnis iste natus error sit voluptatem accusantium doloremque laudantium, totam rem aperiam, eaque ipsa quae ab illo inventore veritatis et quasi architecto beatae vitae dicta sunt explicabo. Nemo enim ipsam voluptatem quia voluptas sit aspernatur aut odit aut fugit, sed quia consequuntur magni dolores eos qui ratione voluptatem sequi nesciunt. </p>
                                        <p>Neque porro quisquam est, qui dolorem ipsum quia dolor sit amet, consectetur, adipisci velit, sed quia non numquam eius modi tempora incidunt ut labore et dolore magnam aliquam quaerat voluptatem. Ut enim ad minima veniam, quis nostrum exercitationem ullam corporis suscipit laboriosam, nisi ut aliquid ex ea commodi consequatur? Quis autem vel eum iure reprehenderit qui in ea voluptate velit esse quam nihil molestiae consequatur</p>
                                        <ul>
                                            <li><h6>Bullets List :</h6></li>
                                            <li><i class="fa fa-caret-right"></i>Sed ut perspiciatis unde omnis</li>
                                            <li><i class="fa fa-caret-right"></i>But I must explain to you how</li>
                                            <li><i class="fa fa-caret-right"></i>At vero eos et accusamus et iusto</li>
                                            <li><i class="fa fa-caret-right"></i>On the other hand, we denounce</li>
                                            <li><i class="fa fa-caret-right"></i>There are many variations of passages</li>

                                        </ul>
                                        <blockquote>
                                            Neque porro quisquam est, qui dolorem ipsum quia dolor sit amet, consectetur, adipisci velit, sed quia non numquam eius modi tempora incidunt ut labore et dolore magnam aliquam quaerat voluptatem. Ut enim ad minima veniam, quis nostrum exercitationem ullam corporis suscipit laboriosam,
                                        </blockquote>
                                        <p>Sed ut perspiciatis unde omnis iste natus error sit voluptatem accusantium doloremque laudantium, totam rem aperiam, eaque ipsa quae ab illo inventore veritatis et quasi architecto beatae vitae dicta sunt explicabo. Nemo enim ipsam voluptatem quia voluptas sit aspernatur aut odit aut fugit, sed quia consequuntur magni dolores eos qui ratione voluptatem sequi nesciunt. </p>
                                        <p>Neque porro quisquam est, qui dolorem ipsum quia dolor sit amet, consectetur, adipisci velit, sed quia non numquam eius modi tempora incidunt ut labore et dolore magnam aliquam quaerat voluptatem. Ut enim ad minima veniam, quis nostrum exercitationem ullam corporis suscipit laboriosam, nisi ut aliquid ex ea commodi consequatur? Quis autem vel eum iure reprehenderit qui in ea voluptate velit esse quam nihil molestiae consequatur</p>]]></content:encoded>
		<excerpt:encoded><![CDATA[]]></excerpt:encoded>
		<wp:post_id>76</wp:post_id>
		<wp:post_date><![CDATA[2016-05-27 09:36:03]]></wp:post_date>
		<wp:post_date_gmt><![CDATA[2016-05-27 09:36:03]]></wp:post_date_gmt>
		<wp:comment_status><![CDATA[open]]></wp:comment_status>
		<wp:ping_status><![CDATA[closed]]></wp:ping_status>
		<wp:post_name><![CDATA[there-are-many-variations-of-passage]]></wp:post_name>
		<wp:status><![CDATA[publish]]></wp:status>
		<wp:post_parent>0</wp:post_parent>
		<wp:menu_order>0</wp:menu_order>
		<wp:post_type><![CDATA[blog]]></wp:post_type>
		<wp:post_password><![CDATA[]]></wp:post_password>
		<wp:is_sticky>0</wp:is_sticky>
		<category domain="post_tag" nicename="3d-movies"><![CDATA[3d movies]]></category>
		<category domain="blog_category" nicename="entertainment"><![CDATA[Entertainment]]></category>
		<category domain="post_tag" nicename="hd"><![CDATA[HD]]></category>
		<category domain="post_tag" nicename="movies"><![CDATA[Movies]]></category>
		<category domain="post_tag" nicename="videos"><![CDATA[videos]]></category>
		<wp:postmeta>
			<wp:meta_key><![CDATA[_edit_last]]></wp:meta_key>
			<wp:meta_value><![CDATA[1]]></wp:meta_value>
		</wp:postmeta>
		<wp:postmeta>
			<wp:meta_key><![CDATA[_thumbnail_id]]></wp:meta_key>
			<wp:meta_value><![CDATA[112]]></wp:meta_value>
		</wp:postmeta>
		<wp:postmeta>
			<wp:meta_key><![CDATA[wpb_post_views_count]]></wp:meta_key>
			<wp:meta_value><![CDATA[31]]></wp:meta_value>
		</wp:postmeta>
		<wp:postmeta>
			<wp:meta_key><![CDATA[apss_content_flag]]></wp:meta_key>
			<wp:meta_value><![CDATA[0]]></wp:meta_value>
		</wp:postmeta>
	</item>
	<item>
		<title>Lorem ipsum dolor sit amet</title>
		<link>http://demo.beetube.me/mag/blog/lorem-ipsum-dolor-sit-amet/</link>
		<pubDate>Fri, 27 May 2016 09:59:48 +0000</pubDate>
		<dc:creator><![CDATA[admin]]></dc:creator>
		<guid isPermaLink="false">http://demo.beetube.me/?post_type=blog&#038;p=78</guid>
		<description></description>
		<content:encoded><![CDATA[<p>Lorem ipsum dolor sit amet, consectetur adipiscing elit. Etiam ornare faucibus dignissim. Pellentesque at auctor tortor. Aliquam nec eleifend neque. Nunc non ligula eu massa venenatis maximus sit amet tincidunt magna. Maecenas vel odio vel diam dictum ornare a a turpis. Donec vulputate nulla justo, ut varius metus mollis ut. Vestibulum vitae orci vitae tortor tristique auctor a vel nisl.</p>

<ul>
	<li><h6>Bullets List :</h6></li>
	<li><i class="fa fa-caret-right"></i>Sed ut perspiciatis unde omnis</li>
	<li><i class="fa fa-caret-right"></i>But I must explain to you how</li>
	<li><i class="fa fa-caret-right"></i>At vero eos et accusamus et iusto</li>
	<li><i class="fa fa-caret-right"></i>On the other hand, we denounce</li>
	<li><i class="fa fa-caret-right"></i>There are many variations of passages</li>

</ul>
<p>Etiam eu purus ante. Sed at ex turpis. Morbi hendrerit metus et dignissim ullamcorper. Sed sit amet tempus urna. Vestibulum tincidunt nibh eget ultrices sagittis. Proin volutpat mi et est consectetur rutrum. Cras porta tempus orci, vel fermentum elit interdum a. Praesent blandit lorem et dolor porttitor, eget convallis nibh ultrices. Aliquam sed urna dolor. Aenean vel vulputate est. Fusce vestibulum nunc eu enim dignissim, hendrerit efficitur ante imperdiet. Sed egestas blandit tristique. Praesent nec faucibus lorem, vitae euismod leo. Class aptent taciti sociosqu ad litora torquent per conubia nostra, per inceptos himenaeos. Proin ultrices vulputate eleifend. Ut in ante malesuada, ullamcorper eros at, placerat turpis.</p>

<blockquote>
	Neque porro quisquam est, qui dolorem ipsum quia dolor sit amet, consectetur, adipisci velit, sed quia non numquam eius modi tempora incidunt ut labore et dolore magnam aliquam quaerat voluptatem. Ut enim ad minima veniam, quis nostrum exercitationem ullam corporis suscipit laboriosam,
</blockquote>

<p>Ut et cursus arcu. Fusce id mauris in velit vulputate efficitur. Suspendisse fermentum condimentum nisi, in commodo risus vulputate a. Vivamus consequat dui at gravida aliquet. Vivamus sed ultrices diam, at interdum magna. In hac habitasse platea dictumst. Maecenas sit amet lacinia nisi. In hac habitasse platea dictumst. Etiam venenatis ullamcorper quam, quis elementum metus fringilla at. Vestibulum accumsan libero sit amet leo feugiat, vel fermentum orci vulputate. Cras ultricies, lectus eu mattis pharetra, dui augue aliquam dui, blandit molestie quam justo a nunc. </p>]]></content:encoded>
		<excerpt:encoded><![CDATA[]]></excerpt:encoded>
		<wp:post_id>78</wp:post_id>
		<wp:post_date><![CDATA[2016-05-27 09:59:48]]></wp:post_date>
		<wp:post_date_gmt><![CDATA[2016-05-27 09:59:48]]></wp:post_date_gmt>
		<wp:comment_status><![CDATA[open]]></wp:comment_status>
		<wp:ping_status><![CDATA[closed]]></wp:ping_status>
		<wp:post_name><![CDATA[lorem-ipsum-dolor-sit-amet]]></wp:post_name>
		<wp:status><![CDATA[publish]]></wp:status>
		<wp:post_parent>0</wp:post_parent>
		<wp:menu_order>0</wp:menu_order>
		<wp:post_type><![CDATA[blog]]></wp:post_type>
		<wp:post_password><![CDATA[]]></wp:post_password>
		<wp:is_sticky>0</wp:is_sticky>
		<category domain="post_tag" nicename="3d-movies"><![CDATA[3d movies]]></category>
		<category domain="blog_category" nicename="entertainment"><![CDATA[Entertainment]]></category>
		<category domain="post_tag" nicename="hd"><![CDATA[HD]]></category>
		<category domain="post_tag" nicename="movies"><![CDATA[Movies]]></category>
		<category domain="post_tag" nicename="videos"><![CDATA[videos]]></category>
		<wp:postmeta>
			<wp:meta_key><![CDATA[_edit_last]]></wp:meta_key>
			<wp:meta_value><![CDATA[1]]></wp:meta_value>
		</wp:postmeta>
		<wp:postmeta>
			<wp:meta_key><![CDATA[_thumbnail_id]]></wp:meta_key>
			<wp:meta_value><![CDATA[79]]></wp:meta_value>
		</wp:postmeta>
		<wp:postmeta>
			<wp:meta_key><![CDATA[wpb_post_views_count]]></wp:meta_key>
			<wp:meta_value><![CDATA[0]]></wp:meta_value>
		</wp:postmeta>
	</item>
	<item>
		<title>Lorem ipsum dolor</title>
		<link>http://demo.beetube.me/mag/blog/lorem-ipsum-dolor/</link>
		<pubDate>Fri, 27 May 2016 10:01:15 +0000</pubDate>
		<dc:creator><![CDATA[admin]]></dc:creator>
		<guid isPermaLink="false">http://demo.beetube.me/?post_type=blog&#038;p=80</guid>
		<description></description>
		<content:encoded><![CDATA[<p>Lorem ipsum dolor sit amet, consectetur adipiscing elit. Etiam ornare faucibus dignissim. Pellentesque at auctor tortor. Aliquam nec eleifend neque. Nunc non ligula eu massa venenatis maximus sit amet tincidunt magna. Maecenas vel odio vel diam dictum ornare a a turpis. Donec vulputate nulla justo, ut varius metus mollis ut. Vestibulum vitae orci vitae tortor tristique auctor a vel nisl.</p>

<ul>
	<li><h6>Bullets List :</h6></li>
	<li><i class="fa fa-caret-right"></i>Sed ut perspiciatis unde omnis</li>
	<li><i class="fa fa-caret-right"></i>But I must explain to you how</li>
	<li><i class="fa fa-caret-right"></i>At vero eos et accusamus et iusto</li>
	<li><i class="fa fa-caret-right"></i>On the other hand, we denounce</li>
	<li><i class="fa fa-caret-right"></i>There are many variations of passages</li>

</ul>
<p>Etiam eu purus ante. Sed at ex turpis. Morbi hendrerit metus et dignissim ullamcorper. Sed sit amet tempus urna. Vestibulum tincidunt nibh eget ultrices sagittis. Proin volutpat mi et est consectetur rutrum. Cras porta tempus orci, vel fermentum elit interdum a. Praesent blandit lorem et dolor porttitor, eget convallis nibh ultrices. Aliquam sed urna dolor. Aenean vel vulputate est. Fusce vestibulum nunc eu enim dignissim, hendrerit efficitur ante imperdiet. Sed egestas blandit tristique. Praesent nec faucibus lorem, vitae euismod leo. Class aptent taciti sociosqu ad litora torquent per conubia nostra, per inceptos himenaeos. Proin ultrices vulputate eleifend. Ut in ante malesuada, ullamcorper eros at, placerat turpis.</p>

<blockquote>
	Neque porro quisquam est, qui dolorem ipsum quia dolor sit amet, consectetur, adipisci velit, sed quia non numquam eius modi tempora incidunt ut labore et dolore magnam aliquam quaerat voluptatem. Ut enim ad minima veniam, quis nostrum exercitationem ullam corporis suscipit laboriosam,
</blockquote>

<p>Ut et cursus arcu. Fusce id mauris in velit vulputate efficitur. Suspendisse fermentum condimentum nisi, in commodo risus vulputate a. Vivamus consequat dui at gravida aliquet. Vivamus sed ultrices diam, at interdum magna. In hac habitasse platea dictumst. Maecenas sit amet lacinia nisi. In hac habitasse platea dictumst. Etiam venenatis ullamcorper quam, quis elementum metus fringilla at. Vestibulum accumsan libero sit amet leo feugiat, vel fermentum orci vulputate. Cras ultricies, lectus eu mattis pharetra, dui augue aliquam dui, blandit molestie quam justo a nunc. </p>]]></content:encoded>
		<excerpt:encoded><![CDATA[]]></excerpt:encoded>
		<wp:post_id>80</wp:post_id>
		<wp:post_date><![CDATA[2016-05-27 10:01:15]]></wp:post_date>
		<wp:post_date_gmt><![CDATA[2016-05-27 10:01:15]]></wp:post_date_gmt>
		<wp:comment_status><![CDATA[open]]></wp:comment_status>
		<wp:ping_status><![CDATA[closed]]></wp:ping_status>
		<wp:post_name><![CDATA[lorem-ipsum-dolor]]></wp:post_name>
		<wp:status><![CDATA[publish]]></wp:status>
		<wp:post_parent>0</wp:post_parent>
		<wp:menu_order>0</wp:menu_order>
		<wp:post_type><![CDATA[blog]]></wp:post_type>
		<wp:post_password><![CDATA[]]></wp:post_password>
		<wp:is_sticky>0</wp:is_sticky>
		<category domain="post_tag" nicename="3d-movies"><![CDATA[3d movies]]></category>
		<category domain="blog_category" nicename="entertainment"><![CDATA[Entertainment]]></category>
		<category domain="post_tag" nicename="hd"><![CDATA[HD]]></category>
		<category domain="post_tag" nicename="movies"><![CDATA[Movies]]></category>
		<category domain="post_tag" nicename="videos"><![CDATA[videos]]></category>
		<wp:postmeta>
			<wp:meta_key><![CDATA[_edit_last]]></wp:meta_key>
			<wp:meta_value><![CDATA[1]]></wp:meta_value>
		</wp:postmeta>
		<wp:postmeta>
			<wp:meta_key><![CDATA[_thumbnail_id]]></wp:meta_key>
			<wp:meta_value><![CDATA[81]]></wp:meta_value>
		</wp:postmeta>
		<wp:postmeta>
			<wp:meta_key><![CDATA[wpb_post_views_count]]></wp:meta_key>
			<wp:meta_value><![CDATA[12]]></wp:meta_value>
		</wp:postmeta>
	</item>
	<item>
		<title>Lorem ipsum dolor sit amet</title>
		<link>http://demo.beetube.me/mag/blog/lorem-ipsum-dolor-sit-amet-consectetur-adipiscing-elit/</link>
		<pubDate>Fri, 27 May 2016 10:06:19 +0000</pubDate>
		<dc:creator><![CDATA[admin]]></dc:creator>
		<guid isPermaLink="false">http://demo.beetube.me/?post_type=blog&#038;p=82</guid>
		<description></description>
		<content:encoded><![CDATA[https://vimeo.com/78469853
<p>Lorem ipsum dolor sit amet, consectetur adipiscing elit. Etiam ornare faucibus dignissim. Pellentesque at auctor tortor. Aliquam nec eleifend neque. Nunc non ligula eu massa venenatis maximus sit amet tincidunt magna. Maecenas vel odio vel diam dictum ornare a a turpis. Donec vulputate nulla justo, ut varius metus mollis ut. Vestibulum vitae orci vitae tortor tristique auctor a vel nisl.</p>

<ul>
	<li><h6>Bullets List :</h6></li>
	<li><i class="fa fa-caret-right"></i>Sed ut perspiciatis unde omnis</li>
	<li><i class="fa fa-caret-right"></i>But I must explain to you how</li>
	<li><i class="fa fa-caret-right"></i>At vero eos et accusamus et iusto</li>
	<li><i class="fa fa-caret-right"></i>On the other hand, we denounce</li>
	<li><i class="fa fa-caret-right"></i>There are many variations of passages</li>

</ul>
<p>Etiam eu purus ante. Sed at ex turpis. Morbi hendrerit metus et dignissim ullamcorper. Sed sit amet tempus urna. Vestibulum tincidunt nibh eget ultrices sagittis. Proin volutpat mi et est consectetur rutrum. Cras porta tempus orci, vel fermentum elit interdum a. Praesent blandit lorem et dolor porttitor, eget convallis nibh ultrices. Aliquam sed urna dolor. Aenean vel vulputate est. Fusce vestibulum nunc eu enim dignissim, hendrerit efficitur ante imperdiet. Sed egestas blandit tristique. Praesent nec faucibus lorem, vitae euismod leo. Class aptent taciti sociosqu ad litora torquent per conubia nostra, per inceptos himenaeos. Proin ultrices vulputate eleifend. Ut in ante malesuada, ullamcorper eros at, placerat turpis.</p>

<blockquote>
	Neque porro quisquam est, qui dolorem ipsum quia dolor sit amet, consectetur, adipisci velit, sed quia non numquam eius modi tempora incidunt ut labore et dolore magnam aliquam quaerat voluptatem. Ut enim ad minima veniam, quis nostrum exercitationem ullam corporis suscipit laboriosam,
</blockquote>
https://youtu.be/3nmnMtbzzjE
<p>Ut et cursus arcu. Fusce id mauris in velit vulputate efficitur. Suspendisse fermentum condimentum nisi, in commodo risus vulputate a. Vivamus consequat dui at gravida aliquet. Vivamus sed ultrices diam, at interdum magna. In hac habitasse platea dictumst. Maecenas sit amet lacinia nisi. In hac habitasse platea dictumst. Etiam venenatis ullamcorper quam, quis elementum metus fringilla at. Vestibulum accumsan libero sit amet leo feugiat, vel fermentum orci vulputate. Cras ultricies, lectus eu mattis pharetra, dui augue aliquam dui, blandit molestie quam justo a nunc. </p>]]></content:encoded>
		<excerpt:encoded><![CDATA[]]></excerpt:encoded>
		<wp:post_id>82</wp:post_id>
		<wp:post_date><![CDATA[2016-05-27 10:06:19]]></wp:post_date>
		<wp:post_date_gmt><![CDATA[2016-05-27 10:06:19]]></wp:post_date_gmt>
		<wp:comment_status><![CDATA[open]]></wp:comment_status>
		<wp:ping_status><![CDATA[closed]]></wp:ping_status>
		<wp:post_name><![CDATA[lorem-ipsum-dolor-sit-amet-consectetur-adipiscing-elit]]></wp:post_name>
		<wp:status><![CDATA[publish]]></wp:status>
		<wp:post_parent>0</wp:post_parent>
		<wp:menu_order>0</wp:menu_order>
		<wp:post_type><![CDATA[blog]]></wp:post_type>
		<wp:post_password><![CDATA[]]></wp:post_password>
		<wp:is_sticky>0</wp:is_sticky>
		<category domain="post_tag" nicename="3d-movies"><![CDATA[3d movies]]></category>
		<category domain="blog_category" nicename="entertainment"><![CDATA[Entertainment]]></category>
		<category domain="post_tag" nicename="hd"><![CDATA[HD]]></category>
		<category domain="post_tag" nicename="movies"><![CDATA[Movies]]></category>
		<category domain="post_tag" nicename="videos"><![CDATA[videos]]></category>
		<wp:postmeta>
			<wp:meta_key><![CDATA[_edit_last]]></wp:meta_key>
			<wp:meta_value><![CDATA[1]]></wp:meta_value>
		</wp:postmeta>
		<wp:postmeta>
			<wp:meta_key><![CDATA[_oembed_779afc852e6ecdbd356253210d293181]]></wp:meta_key>
			<wp:meta_value><![CDATA[<iframe src="https://player.vimeo.com/video/78469853" width="1200" height="675" frameborder="0" title="ROLLIN&#039; SAFARI - &#039;Vulture&#039; - what if animals were round?" webkitallowfullscreen mozallowfullscreen allowfullscreen></iframe>]]></wp:meta_value>
		</wp:postmeta>
		<wp:postmeta>
			<wp:meta_key><![CDATA[_oembed_time_779afc852e6ecdbd356253210d293181]]></wp:meta_key>
			<wp:meta_value><![CDATA[1505719945]]></wp:meta_value>
		</wp:postmeta>
		<wp:postmeta>
			<wp:meta_key><![CDATA[wpb_post_views_count]]></wp:meta_key>
			<wp:meta_value><![CDATA[13]]></wp:meta_value>
		</wp:postmeta>
		<wp:postmeta>
			<wp:meta_key><![CDATA[_oembed_fa908db9c6c395265466ddcc843b2540]]></wp:meta_key>
			<wp:meta_value><![CDATA[<iframe width="1200" height="675" src="https://www.youtube.com/embed/3nmnMtbzzjE?feature=oembed" frameborder="0" allowfullscreen></iframe>]]></wp:meta_value>
		</wp:postmeta>
		<wp:postmeta>
			<wp:meta_key><![CDATA[_oembed_time_fa908db9c6c395265466ddcc843b2540]]></wp:meta_key>
			<wp:meta_value><![CDATA[1464343583]]></wp:meta_value>
		</wp:postmeta>
		<wp:postmeta>
			<wp:meta_key><![CDATA[_thumbnail_id]]></wp:meta_key>
			<wp:meta_value><![CDATA[77]]></wp:meta_value>
		</wp:postmeta>
		<wp:postmeta>
			<wp:meta_key><![CDATA[apss_content_flag]]></wp:meta_key>
			<wp:meta_value><![CDATA[0]]></wp:meta_value>
		</wp:postmeta>
		<wp:postmeta>
			<wp:meta_key><![CDATA[_wp_old_slug]]></wp:meta_key>
			<wp:meta_value><![CDATA[lorem-ipsum-dolor-sit-amet-consectetur-adipiscing-elit__trashed]]></wp:meta_value>
		</wp:postmeta>
	</item>
</channel>
</rss>
