<?xml version="1.0" encoding="UTF-8" ?>
<!-- This is a WordPress eXtended RSS file generated by WordPress as an export of your site. -->
<!-- It contains information about your site's posts, pages, comments, categories, and other content. -->
<!-- You may use this file to transfer that content from one site to another. -->
<!-- This file is not intended to serve as a complete backup of your site. -->

<!-- To import this information into a WordPress site follow these steps: -->
<!-- 1. Log in to that site as an administrator. -->
<!-- 2. Go to Tools: Import in the WordPress admin panel. -->
<!-- 3. Install the "WordPress" importer from the list. -->
<!-- 4. Activate & Run Importer. -->
<!-- 5. Upload this file using the form provided on that page. -->
<!-- 6. You will first be asked to map the authors in this export file to users -->
<!--    on the site. For each author, you may choose to map to an -->
<!--    existing user on the site or to create a new user. -->
<!-- 7. WordPress will then import each of the posts, pages, comments, categories, etc. -->
<!--    contained in this file into your site. -->

<!-- generator="WordPress/4.5.2" created="2016-05-31 08:10" -->
<rss version="2.0"
	xmlns:excerpt="http://wordpress.org/export/1.2/excerpt/"
	xmlns:content="http://purl.org/rss/1.0/modules/content/"
	xmlns:wfw="http://wellformedweb.org/CommentAPI/"
	xmlns:dc="http://purl.org/dc/elements/1.1/"
	xmlns:wp="http://wordpress.org/export/1.2/"
>

<channel>
	<title>BeTube Video WordPress Theme</title>
	<link>http://demo.beetube.me</link>
	<description></description>
	<pubDate>Tue, 31 May 2016 08:10:02 +0000</pubDate>
	<language>en-US</language>
	<wp:wxr_version>1.2</wp:wxr_version>
	<wp:base_site_url>http://demo.beetube.me</wp:base_site_url>
	<wp:base_blog_url>http://demo.beetube.me</wp:base_blog_url>

	<wp:author><wp:author_id>1</wp:author_id><wp:author_login><![CDATA[admin]]></wp:author_login><wp:author_email><![CDATA[lahoreseo@gmail.com]]></wp:author_email><wp:author_display_name><![CDATA[admin]]></wp:author_display_name><wp:author_first_name><![CDATA[]]></wp:author_first_name><wp:author_last_name><![CDATA[]]></wp:author_last_name></wp:author>
	<wp:author><wp:author_id>2</wp:author_id><wp:author_login><![CDATA[demo]]></wp:author_login><wp:author_email><![CDATA[support@joinwebs.com]]></wp:author_email><wp:author_display_name><![CDATA[demo]]></wp:author_display_name><wp:author_first_name><![CDATA[JoinWebs]]></wp:author_first_name><wp:author_last_name><![CDATA[Demo]]></wp:author_last_name></wp:author>


	<generator>https://wordpress.org/?v=4.5.2</generator>

	<item>
		<title>goodleadv</title>
		<link>http://demo.beetube.me/goodleadv/</link>
		<pubDate>Thu, 26 May 2016 11:40:34 +0000</pubDate>
		<dc:creator><![CDATA[admin]]></dc:creator>
		<guid isPermaLink="false">http://demo.beetube.me/wp-content/uploads/2016/05/goodleadv.png</guid>
		<description></description>
		<content:encoded><![CDATA[]]></content:encoded>
		<excerpt:encoded><![CDATA[]]></excerpt:encoded>
		<wp:post_id>54</wp:post_id>
		<wp:post_date><![CDATA[2016-05-26 11:40:34]]></wp:post_date>
		<wp:post_date_gmt><![CDATA[2016-05-26 11:40:34]]></wp:post_date_gmt>
		<wp:comment_status><![CDATA[open]]></wp:comment_status>
		<wp:ping_status><![CDATA[closed]]></wp:ping_status>
		<wp:post_name><![CDATA[goodleadv]]></wp:post_name>
		<wp:status><![CDATA[inherit]]></wp:status>
		<wp:post_parent>0</wp:post_parent>
		<wp:menu_order>0</wp:menu_order>
		<wp:post_type><![CDATA[attachment]]></wp:post_type>
		<wp:post_password><![CDATA[]]></wp:post_password>
		<wp:is_sticky>0</wp:is_sticky>
		<wp:attachment_url><![CDATA[http://demo.beetube.me/wp-content/uploads/2016/05/goodleadv.png]]></wp:attachment_url>
		<wp:postmeta>
			<wp:meta_key><![CDATA[_wp_attached_file]]></wp:meta_key>
			<wp:meta_value><![CDATA[2016/05/goodleadv.png]]></wp:meta_value>
		</wp:postmeta>
		<wp:postmeta>
			<wp:meta_key><![CDATA[_wp_attachment_metadata]]></wp:meta_key>
			<wp:meta_value><![CDATA[a:5:{s:5:"width";i:728;s:6:"height";i:90;s:4:"file";s:21:"2016/05/goodleadv.png";s:5:"sizes";a:4:{s:9:"thumbnail";a:4:{s:4:"file";s:20:"goodleadv-150x90.png";s:5:"width";i:150;s:6:"height";i:90;s:9:"mime-type";s:9:"image/png";}s:6:"medium";a:4:{s:4:"file";s:20:"goodleadv-300x37.png";s:5:"width";i:300;s:6:"height";i:37;s:9:"mime-type";s:9:"image/png";}s:15:"beetube-fslider";a:4:{s:4:"file";s:20:"goodleadv-400x90.png";s:5:"width";i:400;s:6:"height";i:90;s:9:"mime-type";s:9:"image/png";}s:14:"beetube-movies";a:4:{s:4:"file";s:20:"goodleadv-185x23.png";s:5:"width";i:185;s:6:"height";i:23;s:9:"mime-type";s:9:"image/png";}}s:10:"image_meta";a:12:{s:8:"aperture";s:1:"0";s:6:"credit";s:0:"";s:6:"camera";s:0:"";s:7:"caption";s:0:"";s:17:"created_timestamp";s:1:"0";s:9:"copyright";s:0:"";s:12:"focal_length";s:1:"0";s:3:"iso";s:1:"0";s:13:"shutter_speed";s:1:"0";s:5:"title";s:0:"";s:11:"orientation";s:1:"0";s:8:"keywords";a:0:{}}}]]></wp:meta_value>
		</wp:postmeta>
	</item>
	<item>
		<title>sideradv</title>
		<link>http://demo.beetube.me/sideradv/</link>
		<pubDate>Thu, 26 May 2016 11:40:55 +0000</pubDate>
		<dc:creator><![CDATA[admin]]></dc:creator>
		<guid isPermaLink="false">http://demo.beetube.me/wp-content/uploads/2016/05/sideradv.png</guid>
		<description></description>
		<content:encoded><![CDATA[]]></content:encoded>
		<excerpt:encoded><![CDATA[]]></excerpt:encoded>
		<wp:post_id>55</wp:post_id>
		<wp:post_date><![CDATA[2016-05-26 11:40:55]]></wp:post_date>
		<wp:post_date_gmt><![CDATA[2016-05-26 11:40:55]]></wp:post_date_gmt>
		<wp:comment_status><![CDATA[open]]></wp:comment_status>
		<wp:ping_status><![CDATA[closed]]></wp:ping_status>
		<wp:post_name><![CDATA[sideradv]]></wp:post_name>
		<wp:status><![CDATA[inherit]]></wp:status>
		<wp:post_parent>0</wp:post_parent>
		<wp:menu_order>0</wp:menu_order>
		<wp:post_type><![CDATA[attachment]]></wp:post_type>
		<wp:post_password><![CDATA[]]></wp:post_password>
		<wp:is_sticky>0</wp:is_sticky>
		<wp:attachment_url><![CDATA[http://demo.beetube.me/wp-content/uploads/2016/05/sideradv.png]]></wp:attachment_url>
		<wp:postmeta>
			<wp:meta_key><![CDATA[_wp_attached_file]]></wp:meta_key>
			<wp:meta_value><![CDATA[2016/05/sideradv.png]]></wp:meta_value>
		</wp:postmeta>
		<wp:postmeta>
			<wp:meta_key><![CDATA[_wp_attachment_metadata]]></wp:meta_key>
			<wp:meta_value><![CDATA[a:5:{s:5:"width";i:300;s:6:"height";i:250;s:4:"file";s:20:"2016/05/sideradv.png";s:5:"sizes";a:3:{s:9:"thumbnail";a:4:{s:4:"file";s:20:"sideradv-150x150.png";s:5:"width";i:150;s:6:"height";i:150;s:9:"mime-type";s:9:"image/png";}s:6:"medium";a:4:{s:4:"file";s:20:"sideradv-300x250.png";s:5:"width";i:300;s:6:"height";i:250;s:9:"mime-type";s:9:"image/png";}s:14:"beetube-movies";a:4:{s:4:"file";s:20:"sideradv-185x154.png";s:5:"width";i:185;s:6:"height";i:154;s:9:"mime-type";s:9:"image/png";}}s:10:"image_meta";a:12:{s:8:"aperture";s:1:"0";s:6:"credit";s:0:"";s:6:"camera";s:0:"";s:7:"caption";s:0:"";s:17:"created_timestamp";s:1:"0";s:9:"copyright";s:0:"";s:12:"focal_length";s:1:"0";s:3:"iso";s:1:"0";s:13:"shutter_speed";s:1:"0";s:5:"title";s:0:"";s:11:"orientation";s:1:"0";s:8:"keywords";a:0:{}}}]]></wp:meta_value>
		</wp:postmeta>
	</item>
	<item>
		<title>betube logo</title>
		<link>http://demo.beetube.me/footerlogo/</link>
		<pubDate>Thu, 26 May 2016 11:42:21 +0000</pubDate>
		<dc:creator><![CDATA[admin]]></dc:creator>
		<guid isPermaLink="false">http://demo.beetube.me/wp-content/uploads/2016/05/footerlogo.png</guid>
		<description></description>
		<content:encoded><![CDATA[]]></content:encoded>
		<excerpt:encoded><![CDATA[]]></excerpt:encoded>
		<wp:post_id>56</wp:post_id>
		<wp:post_date><![CDATA[2016-05-26 11:42:21]]></wp:post_date>
		<wp:post_date_gmt><![CDATA[2016-05-26 11:42:21]]></wp:post_date_gmt>
		<wp:comment_status><![CDATA[open]]></wp:comment_status>
		<wp:ping_status><![CDATA[closed]]></wp:ping_status>
		<wp:post_name><![CDATA[footerlogo]]></wp:post_name>
		<wp:status><![CDATA[inherit]]></wp:status>
		<wp:post_parent>0</wp:post_parent>
		<wp:menu_order>0</wp:menu_order>
		<wp:post_type><![CDATA[attachment]]></wp:post_type>
		<wp:post_password><![CDATA[]]></wp:post_password>
		<wp:is_sticky>0</wp:is_sticky>
		<wp:attachment_url><![CDATA[http://demo.beetube.me/wp-content/uploads/2016/05/footerlogo.png]]></wp:attachment_url>
		<wp:postmeta>
			<wp:meta_key><![CDATA[_wp_attached_file]]></wp:meta_key>
			<wp:meta_value><![CDATA[2016/05/footerlogo.png]]></wp:meta_value>
		</wp:postmeta>
		<wp:postmeta>
			<wp:meta_key><![CDATA[_wp_attachment_metadata]]></wp:meta_key>
			<wp:meta_value><![CDATA[a:5:{s:5:"width";i:96;s:6:"height";i:24;s:4:"file";s:22:"2016/05/footerlogo.png";s:5:"sizes";a:0:{}s:10:"image_meta";a:12:{s:8:"aperture";s:1:"0";s:6:"credit";s:0:"";s:6:"camera";s:0:"";s:7:"caption";s:0:"";s:17:"created_timestamp";s:1:"0";s:9:"copyright";s:0:"";s:12:"focal_length";s:1:"0";s:3:"iso";s:1:"0";s:13:"shutter_speed";s:1:"0";s:5:"title";s:0:"";s:11:"orientation";s:1:"0";s:8:"keywords";a:0:{}}}]]></wp:meta_value>
		</wp:postmeta>
		<wp:postmeta>
			<wp:meta_key><![CDATA[_wp_attachment_image_alt]]></wp:meta_key>
			<wp:meta_value><![CDATA[betube logo]]></wp:meta_value>
		</wp:postmeta>
	</item>
	<item>
		<title>profile-bg1</title>
		<link>http://demo.beetube.me/profile-bg1/</link>
		<pubDate>Thu, 26 May 2016 12:06:28 +0000</pubDate>
		<dc:creator><![CDATA[admin]]></dc:creator>
		<guid isPermaLink="false">http://demo.beetube.me/wp-content/uploads/2016/05/profile-bg1.png</guid>
		<description></description>
		<content:encoded><![CDATA[]]></content:encoded>
		<excerpt:encoded><![CDATA[]]></excerpt:encoded>
		<wp:post_id>75</wp:post_id>
		<wp:post_date><![CDATA[2016-05-26 12:06:28]]></wp:post_date>
		<wp:post_date_gmt><![CDATA[2016-05-26 12:06:28]]></wp:post_date_gmt>
		<wp:comment_status><![CDATA[open]]></wp:comment_status>
		<wp:ping_status><![CDATA[closed]]></wp:ping_status>
		<wp:post_name><![CDATA[profile-bg1]]></wp:post_name>
		<wp:status><![CDATA[inherit]]></wp:status>
		<wp:post_parent>0</wp:post_parent>
		<wp:menu_order>0</wp:menu_order>
		<wp:post_type><![CDATA[attachment]]></wp:post_type>
		<wp:post_password><![CDATA[]]></wp:post_password>
		<wp:is_sticky>0</wp:is_sticky>
		<wp:attachment_url><![CDATA[http://demo.beetube.me/wp-content/uploads/2016/05/profile-bg1.png]]></wp:attachment_url>
		<wp:postmeta>
			<wp:meta_key><![CDATA[_wp_attached_file]]></wp:meta_key>
			<wp:meta_value><![CDATA[2016/05/profile-bg1.png]]></wp:meta_value>
		</wp:postmeta>
		<wp:postmeta>
			<wp:meta_key><![CDATA[_wp_attachment_metadata]]></wp:meta_key>
			<wp:meta_value><![CDATA[a:5:{s:5:"width";i:1600;s:6:"height";i:350;s:4:"file";s:23:"2016/05/profile-bg1.png";s:5:"sizes";a:7:{s:9:"thumbnail";a:4:{s:4:"file";s:23:"profile-bg1-150x150.png";s:5:"width";i:150;s:6:"height";i:150;s:9:"mime-type";s:9:"image/png";}s:6:"medium";a:4:{s:4:"file";s:22:"profile-bg1-300x66.png";s:5:"width";i:300;s:6:"height";i:66;s:9:"mime-type";s:9:"image/png";}s:12:"medium_large";a:4:{s:4:"file";s:23:"profile-bg1-768x168.png";s:5:"width";i:768;s:6:"height";i:168;s:9:"mime-type";s:9:"image/png";}s:5:"large";a:4:{s:4:"file";s:24:"profile-bg1-1024x224.png";s:5:"width";i:1024;s:6:"height";i:224;s:9:"mime-type";s:9:"image/png";}s:14:"post-thumbnail";a:4:{s:4:"file";s:23:"profile-bg1-750x350.png";s:5:"width";i:750;s:6:"height";i:350;s:9:"mime-type";s:9:"image/png";}s:15:"beetube-fslider";a:4:{s:4:"file";s:23:"profile-bg1-400x300.png";s:5:"width";i:400;s:6:"height";i:300;s:9:"mime-type";s:9:"image/png";}s:14:"beetube-movies";a:4:{s:4:"file";s:22:"profile-bg1-185x40.png";s:5:"width";i:185;s:6:"height";i:40;s:9:"mime-type";s:9:"image/png";}}s:10:"image_meta";a:12:{s:8:"aperture";s:1:"0";s:6:"credit";s:0:"";s:6:"camera";s:0:"";s:7:"caption";s:0:"";s:17:"created_timestamp";s:1:"0";s:9:"copyright";s:0:"";s:12:"focal_length";s:1:"0";s:3:"iso";s:1:"0";s:13:"shutter_speed";s:1:"0";s:5:"title";s:0:"";s:11:"orientation";s:1:"0";s:8:"keywords";a:0:{}}}]]></wp:meta_value>
		</wp:postmeta>
		<wp:postmeta>
			<wp:meta_key><![CDATA[_wp_attachment_image_alt]]></wp:meta_key>
			<wp:meta_value><![CDATA[profile-bg1]]></wp:meta_value>
		</wp:postmeta>
	</item>
	<item>
		<title>blog-image</title>
		<link>http://demo.beetube.me/blog/there-are-many-variations-of-passage/blog-image/</link>
		<pubDate>Fri, 27 May 2016 09:35:46 +0000</pubDate>
		<dc:creator><![CDATA[admin]]></dc:creator>
		<guid isPermaLink="false">http://demo.beetube.me/wp-content/uploads/2016/05/blog-image.png</guid>
		<description></description>
		<content:encoded><![CDATA[]]></content:encoded>
		<excerpt:encoded><![CDATA[]]></excerpt:encoded>
		<wp:post_id>77</wp:post_id>
		<wp:post_date><![CDATA[2016-05-27 09:35:46]]></wp:post_date>
		<wp:post_date_gmt><![CDATA[2016-05-27 09:35:46]]></wp:post_date_gmt>
		<wp:comment_status><![CDATA[open]]></wp:comment_status>
		<wp:ping_status><![CDATA[closed]]></wp:ping_status>
		<wp:post_name><![CDATA[blog-image]]></wp:post_name>
		<wp:status><![CDATA[inherit]]></wp:status>
		<wp:post_parent>76</wp:post_parent>
		<wp:menu_order>0</wp:menu_order>
		<wp:post_type><![CDATA[attachment]]></wp:post_type>
		<wp:post_password><![CDATA[]]></wp:post_password>
		<wp:is_sticky>0</wp:is_sticky>
		<wp:attachment_url><![CDATA[http://demo.beetube.me/wp-content/uploads/2016/05/blog-image.png]]></wp:attachment_url>
		<wp:postmeta>
			<wp:meta_key><![CDATA[_wp_attached_file]]></wp:meta_key>
			<wp:meta_value><![CDATA[2016/05/blog-image.png]]></wp:meta_value>
		</wp:postmeta>
		<wp:postmeta>
			<wp:meta_key><![CDATA[_wp_attachment_metadata]]></wp:meta_key>
			<wp:meta_value><![CDATA[a:5:{s:5:"width";i:800;s:6:"height";i:542;s:4:"file";s:22:"2016/05/blog-image.png";s:5:"sizes";a:6:{s:9:"thumbnail";a:4:{s:4:"file";s:22:"blog-image-150x150.png";s:5:"width";i:150;s:6:"height";i:150;s:9:"mime-type";s:9:"image/png";}s:6:"medium";a:4:{s:4:"file";s:22:"blog-image-300x203.png";s:5:"width";i:300;s:6:"height";i:203;s:9:"mime-type";s:9:"image/png";}s:12:"medium_large";a:4:{s:4:"file";s:22:"blog-image-768x520.png";s:5:"width";i:768;s:6:"height";i:520;s:9:"mime-type";s:9:"image/png";}s:14:"post-thumbnail";a:4:{s:4:"file";s:22:"blog-image-750x500.png";s:5:"width";i:750;s:6:"height";i:500;s:9:"mime-type";s:9:"image/png";}s:15:"beetube-fslider";a:4:{s:4:"file";s:22:"blog-image-400x300.png";s:5:"width";i:400;s:6:"height";i:300;s:9:"mime-type";s:9:"image/png";}s:14:"beetube-movies";a:4:{s:4:"file";s:22:"blog-image-185x125.png";s:5:"width";i:185;s:6:"height";i:125;s:9:"mime-type";s:9:"image/png";}}s:10:"image_meta";a:12:{s:8:"aperture";s:1:"0";s:6:"credit";s:0:"";s:6:"camera";s:0:"";s:7:"caption";s:0:"";s:17:"created_timestamp";s:1:"0";s:9:"copyright";s:0:"";s:12:"focal_length";s:1:"0";s:3:"iso";s:1:"0";s:13:"shutter_speed";s:1:"0";s:5:"title";s:0:"";s:11:"orientation";s:1:"0";s:8:"keywords";a:0:{}}}]]></wp:meta_value>
		</wp:postmeta>
		<wp:postmeta>
			<wp:meta_key><![CDATA[_wp_attachment_image_alt]]></wp:meta_key>
			<wp:meta_value><![CDATA[blog-image]]></wp:meta_value>
		</wp:postmeta>
	</item>
	<item>
		<title>betube-blog-1</title>
		<link>http://demo.beetube.me/blog/lorem-ipsum-dolor-sit-amet/betube-blog-1/</link>
		<pubDate>Fri, 27 May 2016 09:59:08 +0000</pubDate>
		<dc:creator><![CDATA[admin]]></dc:creator>
		<guid isPermaLink="false">http://demo.beetube.me/wp-content/uploads/2016/05/betube-blog-1.png</guid>
		<description></description>
		<content:encoded><![CDATA[]]></content:encoded>
		<excerpt:encoded><![CDATA[]]></excerpt:encoded>
		<wp:post_id>79</wp:post_id>
		<wp:post_date><![CDATA[2016-05-27 09:59:08]]></wp:post_date>
		<wp:post_date_gmt><![CDATA[2016-05-27 09:59:08]]></wp:post_date_gmt>
		<wp:comment_status><![CDATA[open]]></wp:comment_status>
		<wp:ping_status><![CDATA[closed]]></wp:ping_status>
		<wp:post_name><![CDATA[betube-blog-1]]></wp:post_name>
		<wp:status><![CDATA[inherit]]></wp:status>
		<wp:post_parent>78</wp:post_parent>
		<wp:menu_order>0</wp:menu_order>
		<wp:post_type><![CDATA[attachment]]></wp:post_type>
		<wp:post_password><![CDATA[]]></wp:post_password>
		<wp:is_sticky>0</wp:is_sticky>
		<wp:attachment_url><![CDATA[http://demo.beetube.me/wp-content/uploads/2016/05/betube-blog-1.png]]></wp:attachment_url>
		<wp:postmeta>
			<wp:meta_key><![CDATA[_wp_attached_file]]></wp:meta_key>
			<wp:meta_value><![CDATA[2016/05/betube-blog-1.png]]></wp:meta_value>
		</wp:postmeta>
		<wp:postmeta>
			<wp:meta_key><![CDATA[_wp_attachment_metadata]]></wp:meta_key>
			<wp:meta_value><![CDATA[a:5:{s:5:"width";i:770;s:6:"height";i:370;s:4:"file";s:25:"2016/05/betube-blog-1.png";s:5:"sizes";a:6:{s:9:"thumbnail";a:4:{s:4:"file";s:25:"betube-blog-1-150x150.png";s:5:"width";i:150;s:6:"height";i:150;s:9:"mime-type";s:9:"image/png";}s:6:"medium";a:4:{s:4:"file";s:25:"betube-blog-1-300x144.png";s:5:"width";i:300;s:6:"height";i:144;s:9:"mime-type";s:9:"image/png";}s:12:"medium_large";a:4:{s:4:"file";s:25:"betube-blog-1-768x369.png";s:5:"width";i:768;s:6:"height";i:369;s:9:"mime-type";s:9:"image/png";}s:14:"post-thumbnail";a:4:{s:4:"file";s:25:"betube-blog-1-750x370.png";s:5:"width";i:750;s:6:"height";i:370;s:9:"mime-type";s:9:"image/png";}s:15:"beetube-fslider";a:4:{s:4:"file";s:25:"betube-blog-1-400x300.png";s:5:"width";i:400;s:6:"height";i:300;s:9:"mime-type";s:9:"image/png";}s:14:"beetube-movies";a:4:{s:4:"file";s:24:"betube-blog-1-185x89.png";s:5:"width";i:185;s:6:"height";i:89;s:9:"mime-type";s:9:"image/png";}}s:10:"image_meta";a:12:{s:8:"aperture";s:1:"0";s:6:"credit";s:0:"";s:6:"camera";s:0:"";s:7:"caption";s:0:"";s:17:"created_timestamp";s:1:"0";s:9:"copyright";s:0:"";s:12:"focal_length";s:1:"0";s:3:"iso";s:1:"0";s:13:"shutter_speed";s:1:"0";s:5:"title";s:0:"";s:11:"orientation";s:1:"0";s:8:"keywords";a:0:{}}}]]></wp:meta_value>
		</wp:postmeta>
		<wp:postmeta>
			<wp:meta_key><![CDATA[_wp_attachment_image_alt]]></wp:meta_key>
			<wp:meta_value><![CDATA[betube-blog-image]]></wp:meta_value>
		</wp:postmeta>
	</item>
	<item>
		<title>betube-blog-image-2</title>
		<link>http://demo.beetube.me/blog/lorem-ipsum-dolor/betube-blog-image-2/</link>
		<pubDate>Fri, 27 May 2016 10:01:04 +0000</pubDate>
		<dc:creator><![CDATA[admin]]></dc:creator>
		<guid isPermaLink="false">http://demo.beetube.me/wp-content/uploads/2016/05/betube-blog-image-2.png</guid>
		<description></description>
		<content:encoded><![CDATA[]]></content:encoded>
		<excerpt:encoded><![CDATA[]]></excerpt:encoded>
		<wp:post_id>81</wp:post_id>
		<wp:post_date><![CDATA[2016-05-27 10:01:04]]></wp:post_date>
		<wp:post_date_gmt><![CDATA[2016-05-27 10:01:04]]></wp:post_date_gmt>
		<wp:comment_status><![CDATA[open]]></wp:comment_status>
		<wp:ping_status><![CDATA[closed]]></wp:ping_status>
		<wp:post_name><![CDATA[betube-blog-image-2]]></wp:post_name>
		<wp:status><![CDATA[inherit]]></wp:status>
		<wp:post_parent>80</wp:post_parent>
		<wp:menu_order>0</wp:menu_order>
		<wp:post_type><![CDATA[attachment]]></wp:post_type>
		<wp:post_password><![CDATA[]]></wp:post_password>
		<wp:is_sticky>0</wp:is_sticky>
		<wp:attachment_url><![CDATA[http://demo.beetube.me/wp-content/uploads/2016/05/betube-blog-image-2.png]]></wp:attachment_url>
		<wp:postmeta>
			<wp:meta_key><![CDATA[_wp_attached_file]]></wp:meta_key>
			<wp:meta_value><![CDATA[2016/05/betube-blog-image-2.png]]></wp:meta_value>
		</wp:postmeta>
		<wp:postmeta>
			<wp:meta_key><![CDATA[_wp_attachment_metadata]]></wp:meta_key>
			<wp:meta_value><![CDATA[a:5:{s:5:"width";i:770;s:6:"height";i:370;s:4:"file";s:31:"2016/05/betube-blog-image-2.png";s:5:"sizes";a:6:{s:9:"thumbnail";a:4:{s:4:"file";s:31:"betube-blog-image-2-150x150.png";s:5:"width";i:150;s:6:"height";i:150;s:9:"mime-type";s:9:"image/png";}s:6:"medium";a:4:{s:4:"file";s:31:"betube-blog-image-2-300x144.png";s:5:"width";i:300;s:6:"height";i:144;s:9:"mime-type";s:9:"image/png";}s:12:"medium_large";a:4:{s:4:"file";s:31:"betube-blog-image-2-768x369.png";s:5:"width";i:768;s:6:"height";i:369;s:9:"mime-type";s:9:"image/png";}s:14:"post-thumbnail";a:4:{s:4:"file";s:31:"betube-blog-image-2-750x370.png";s:5:"width";i:750;s:6:"height";i:370;s:9:"mime-type";s:9:"image/png";}s:15:"beetube-fslider";a:4:{s:4:"file";s:31:"betube-blog-image-2-400x300.png";s:5:"width";i:400;s:6:"height";i:300;s:9:"mime-type";s:9:"image/png";}s:14:"beetube-movies";a:4:{s:4:"file";s:30:"betube-blog-image-2-185x89.png";s:5:"width";i:185;s:6:"height";i:89;s:9:"mime-type";s:9:"image/png";}}s:10:"image_meta";a:12:{s:8:"aperture";s:1:"0";s:6:"credit";s:0:"";s:6:"camera";s:0:"";s:7:"caption";s:0:"";s:17:"created_timestamp";s:1:"0";s:9:"copyright";s:0:"";s:12:"focal_length";s:1:"0";s:3:"iso";s:1:"0";s:13:"shutter_speed";s:1:"0";s:5:"title";s:0:"";s:11:"orientation";s:1:"0";s:8:"keywords";a:0:{}}}]]></wp:meta_value>
		</wp:postmeta>
		<wp:postmeta>
			<wp:meta_key><![CDATA[_wp_attachment_image_alt]]></wp:meta_key>
			<wp:meta_value><![CDATA[betube-blog-image-2]]></wp:meta_value>
		</wp:postmeta>
	</item>
	<item>
		<title>betube-blog-image-3</title>
		<link>http://demo.beetube.me/blog/lorem-ipsum-dolor-sit-amet-consectetur-adipiscing-elit/betube-blog-image-3/</link>
		<pubDate>Fri, 27 May 2016 10:06:05 +0000</pubDate>
		<dc:creator><![CDATA[admin]]></dc:creator>
		<guid isPermaLink="false">http://demo.beetube.me/wp-content/uploads/2016/05/betube-blog-image-3.png</guid>
		<description></description>
		<content:encoded><![CDATA[]]></content:encoded>
		<excerpt:encoded><![CDATA[]]></excerpt:encoded>
		<wp:post_id>83</wp:post_id>
		<wp:post_date><![CDATA[2016-05-27 10:06:05]]></wp:post_date>
		<wp:post_date_gmt><![CDATA[2016-05-27 10:06:05]]></wp:post_date_gmt>
		<wp:comment_status><![CDATA[open]]></wp:comment_status>
		<wp:ping_status><![CDATA[closed]]></wp:ping_status>
		<wp:post_name><![CDATA[betube-blog-image-3]]></wp:post_name>
		<wp:status><![CDATA[inherit]]></wp:status>
		<wp:post_parent>82</wp:post_parent>
		<wp:menu_order>0</wp:menu_order>
		<wp:post_type><![CDATA[attachment]]></wp:post_type>
		<wp:post_password><![CDATA[]]></wp:post_password>
		<wp:is_sticky>0</wp:is_sticky>
		<wp:attachment_url><![CDATA[http://demo.beetube.me/wp-content/uploads/2016/05/betube-blog-image-3.png]]></wp:attachment_url>
		<wp:postmeta>
			<wp:meta_key><![CDATA[_wp_attached_file]]></wp:meta_key>
			<wp:meta_value><![CDATA[2016/05/betube-blog-image-3.png]]></wp:meta_value>
		</wp:postmeta>
		<wp:postmeta>
			<wp:meta_key><![CDATA[_wp_attachment_metadata]]></wp:meta_key>
			<wp:meta_value><![CDATA[a:5:{s:5:"width";i:770;s:6:"height";i:370;s:4:"file";s:31:"2016/05/betube-blog-image-3.png";s:5:"sizes";a:6:{s:9:"thumbnail";a:4:{s:4:"file";s:31:"betube-blog-image-3-150x150.png";s:5:"width";i:150;s:6:"height";i:150;s:9:"mime-type";s:9:"image/png";}s:6:"medium";a:4:{s:4:"file";s:31:"betube-blog-image-3-300x144.png";s:5:"width";i:300;s:6:"height";i:144;s:9:"mime-type";s:9:"image/png";}s:12:"medium_large";a:4:{s:4:"file";s:31:"betube-blog-image-3-768x369.png";s:5:"width";i:768;s:6:"height";i:369;s:9:"mime-type";s:9:"image/png";}s:14:"post-thumbnail";a:4:{s:4:"file";s:31:"betube-blog-image-3-750x370.png";s:5:"width";i:750;s:6:"height";i:370;s:9:"mime-type";s:9:"image/png";}s:15:"beetube-fslider";a:4:{s:4:"file";s:31:"betube-blog-image-3-400x300.png";s:5:"width";i:400;s:6:"height";i:300;s:9:"mime-type";s:9:"image/png";}s:14:"beetube-movies";a:4:{s:4:"file";s:30:"betube-blog-image-3-185x89.png";s:5:"width";i:185;s:6:"height";i:89;s:9:"mime-type";s:9:"image/png";}}s:10:"image_meta";a:12:{s:8:"aperture";s:1:"0";s:6:"credit";s:0:"";s:6:"camera";s:0:"";s:7:"caption";s:0:"";s:17:"created_timestamp";s:1:"0";s:9:"copyright";s:0:"";s:12:"focal_length";s:1:"0";s:3:"iso";s:1:"0";s:13:"shutter_speed";s:1:"0";s:5:"title";s:0:"";s:11:"orientation";s:1:"0";s:8:"keywords";a:0:{}}}]]></wp:meta_value>
		</wp:postmeta>
	</item>
	<item>
		<title>olympic</title>
		<link>http://demo.beetube.me/olympic/</link>
		<pubDate>Fri, 27 May 2016 10:18:26 +0000</pubDate>
		<dc:creator><![CDATA[admin]]></dc:creator>
		<guid isPermaLink="false">http://demo.beetube.me/wp-content/uploads/2016/05/olympic.jpg</guid>
		<description></description>
		<content:encoded><![CDATA[]]></content:encoded>
		<excerpt:encoded><![CDATA[]]></excerpt:encoded>
		<wp:post_id>84</wp:post_id>
		<wp:post_date><![CDATA[2016-05-27 10:18:26]]></wp:post_date>
		<wp:post_date_gmt><![CDATA[2016-05-27 10:18:26]]></wp:post_date_gmt>
		<wp:comment_status><![CDATA[open]]></wp:comment_status>
		<wp:ping_status><![CDATA[closed]]></wp:ping_status>
		<wp:post_name><![CDATA[olympic]]></wp:post_name>
		<wp:status><![CDATA[inherit]]></wp:status>
		<wp:post_parent>0</wp:post_parent>
		<wp:menu_order>0</wp:menu_order>
		<wp:post_type><![CDATA[attachment]]></wp:post_type>
		<wp:post_password><![CDATA[]]></wp:post_password>
		<wp:is_sticky>0</wp:is_sticky>
		<wp:attachment_url><![CDATA[http://demo.beetube.me/wp-content/uploads/2016/05/olympic.jpg]]></wp:attachment_url>
		<wp:postmeta>
			<wp:meta_key><![CDATA[_wp_attached_file]]></wp:meta_key>
			<wp:meta_value><![CDATA[2016/05/olympic.jpg]]></wp:meta_value>
		</wp:postmeta>
		<wp:postmeta>
			<wp:meta_key><![CDATA[_wp_attachment_metadata]]></wp:meta_key>
			<wp:meta_value><![CDATA[a:5:{s:5:"width";i:270;s:6:"height";i:220;s:4:"file";s:19:"2016/05/olympic.jpg";s:5:"sizes";a:2:{s:9:"thumbnail";a:4:{s:4:"file";s:19:"olympic-150x150.jpg";s:5:"width";i:150;s:6:"height";i:150;s:9:"mime-type";s:10:"image/jpeg";}s:14:"beetube-movies";a:4:{s:4:"file";s:19:"olympic-185x151.jpg";s:5:"width";i:185;s:6:"height";i:151;s:9:"mime-type";s:10:"image/jpeg";}}s:10:"image_meta";a:12:{s:8:"aperture";s:1:"0";s:6:"credit";s:0:"";s:6:"camera";s:0:"";s:7:"caption";s:0:"";s:17:"created_timestamp";s:1:"0";s:9:"copyright";s:0:"";s:12:"focal_length";s:1:"0";s:3:"iso";s:1:"0";s:13:"shutter_speed";s:1:"0";s:5:"title";s:0:"";s:11:"orientation";s:1:"1";s:8:"keywords";a:0:{}}}]]></wp:meta_value>
		</wp:postmeta>
		<wp:postmeta>
			<wp:meta_key><![CDATA[_wp_attachment_image_alt]]></wp:meta_key>
			<wp:meta_value><![CDATA[olympic]]></wp:meta_value>
		</wp:postmeta>
	</item>
	<item>
		<title>wild-life</title>
		<link>http://demo.beetube.me/wild-life/</link>
		<pubDate>Fri, 27 May 2016 10:21:16 +0000</pubDate>
		<dc:creator><![CDATA[admin]]></dc:creator>
		<guid isPermaLink="false">http://demo.beetube.me/wp-content/uploads/2016/05/wild-life.jpg</guid>
		<description></description>
		<content:encoded><![CDATA[]]></content:encoded>
		<excerpt:encoded><![CDATA[]]></excerpt:encoded>
		<wp:post_id>85</wp:post_id>
		<wp:post_date><![CDATA[2016-05-27 10:21:16]]></wp:post_date>
		<wp:post_date_gmt><![CDATA[2016-05-27 10:21:16]]></wp:post_date_gmt>
		<wp:comment_status><![CDATA[open]]></wp:comment_status>
		<wp:ping_status><![CDATA[closed]]></wp:ping_status>
		<wp:post_name><![CDATA[wild-life]]></wp:post_name>
		<wp:status><![CDATA[inherit]]></wp:status>
		<wp:post_parent>0</wp:post_parent>
		<wp:menu_order>0</wp:menu_order>
		<wp:post_type><![CDATA[attachment]]></wp:post_type>
		<wp:post_password><![CDATA[]]></wp:post_password>
		<wp:is_sticky>0</wp:is_sticky>
		<wp:attachment_url><![CDATA[http://demo.beetube.me/wp-content/uploads/2016/05/wild-life.jpg]]></wp:attachment_url>
		<wp:postmeta>
			<wp:meta_key><![CDATA[_wp_attached_file]]></wp:meta_key>
			<wp:meta_value><![CDATA[2016/05/wild-life.jpg]]></wp:meta_value>
		</wp:postmeta>
		<wp:postmeta>
			<wp:meta_key><![CDATA[_wp_attachment_metadata]]></wp:meta_key>
			<wp:meta_value><![CDATA[a:5:{s:5:"width";i:270;s:6:"height";i:220;s:4:"file";s:21:"2016/05/wild-life.jpg";s:5:"sizes";a:2:{s:9:"thumbnail";a:4:{s:4:"file";s:21:"wild-life-150x150.jpg";s:5:"width";i:150;s:6:"height";i:150;s:9:"mime-type";s:10:"image/jpeg";}s:14:"beetube-movies";a:4:{s:4:"file";s:21:"wild-life-185x151.jpg";s:5:"width";i:185;s:6:"height";i:151;s:9:"mime-type";s:10:"image/jpeg";}}s:10:"image_meta";a:12:{s:8:"aperture";s:1:"0";s:6:"credit";s:0:"";s:6:"camera";s:0:"";s:7:"caption";s:0:"";s:17:"created_timestamp";s:1:"0";s:9:"copyright";s:0:"";s:12:"focal_length";s:1:"0";s:3:"iso";s:1:"0";s:13:"shutter_speed";s:1:"0";s:5:"title";s:0:"";s:11:"orientation";s:1:"1";s:8:"keywords";a:0:{}}}]]></wp:meta_value>
		</wp:postmeta>
		<wp:postmeta>
			<wp:meta_key><![CDATA[_wp_attachment_image_alt]]></wp:meta_key>
			<wp:meta_value><![CDATA[wild-life]]></wp:meta_value>
		</wp:postmeta>
	</item>
	<item>
		<title>entertainment</title>
		<link>http://demo.beetube.me/entertainment/</link>
		<pubDate>Fri, 27 May 2016 10:24:33 +0000</pubDate>
		<dc:creator><![CDATA[admin]]></dc:creator>
		<guid isPermaLink="false">http://demo.beetube.me/wp-content/uploads/2016/05/entertainment.png</guid>
		<description></description>
		<content:encoded><![CDATA[]]></content:encoded>
		<excerpt:encoded><![CDATA[]]></excerpt:encoded>
		<wp:post_id>86</wp:post_id>
		<wp:post_date><![CDATA[2016-05-27 10:24:33]]></wp:post_date>
		<wp:post_date_gmt><![CDATA[2016-05-27 10:24:33]]></wp:post_date_gmt>
		<wp:comment_status><![CDATA[open]]></wp:comment_status>
		<wp:ping_status><![CDATA[closed]]></wp:ping_status>
		<wp:post_name><![CDATA[entertainment]]></wp:post_name>
		<wp:status><![CDATA[inherit]]></wp:status>
		<wp:post_parent>0</wp:post_parent>
		<wp:menu_order>0</wp:menu_order>
		<wp:post_type><![CDATA[attachment]]></wp:post_type>
		<wp:post_password><![CDATA[]]></wp:post_password>
		<wp:is_sticky>0</wp:is_sticky>
		<wp:attachment_url><![CDATA[http://demo.beetube.me/wp-content/uploads/2016/05/entertainment.png]]></wp:attachment_url>
		<wp:postmeta>
			<wp:meta_key><![CDATA[_wp_attached_file]]></wp:meta_key>
			<wp:meta_value><![CDATA[2016/05/entertainment.png]]></wp:meta_value>
		</wp:postmeta>
		<wp:postmeta>
			<wp:meta_key><![CDATA[_wp_attachment_metadata]]></wp:meta_key>
			<wp:meta_value><![CDATA[a:5:{s:5:"width";i:195;s:6:"height";i:130;s:4:"file";s:25:"2016/05/entertainment.png";s:5:"sizes";a:2:{s:9:"thumbnail";a:4:{s:4:"file";s:25:"entertainment-150x130.png";s:5:"width";i:150;s:6:"height";i:130;s:9:"mime-type";s:9:"image/png";}s:14:"beetube-movies";a:4:{s:4:"file";s:25:"entertainment-185x123.png";s:5:"width";i:185;s:6:"height";i:123;s:9:"mime-type";s:9:"image/png";}}s:10:"image_meta";a:12:{s:8:"aperture";s:1:"0";s:6:"credit";s:0:"";s:6:"camera";s:0:"";s:7:"caption";s:0:"";s:17:"created_timestamp";s:1:"0";s:9:"copyright";s:0:"";s:12:"focal_length";s:1:"0";s:3:"iso";s:1:"0";s:13:"shutter_speed";s:1:"0";s:5:"title";s:0:"";s:11:"orientation";s:1:"0";s:8:"keywords";a:0:{}}}]]></wp:meta_value>
		</wp:postmeta>
	</item>
	<item>
		<title>fashion-beauty</title>
		<link>http://demo.beetube.me/fashion-beauty/</link>
		<pubDate>Fri, 27 May 2016 10:24:37 +0000</pubDate>
		<dc:creator><![CDATA[admin]]></dc:creator>
		<guid isPermaLink="false">http://demo.beetube.me/wp-content/uploads/2016/05/fashion-beauty.png</guid>
		<description></description>
		<content:encoded><![CDATA[]]></content:encoded>
		<excerpt:encoded><![CDATA[]]></excerpt:encoded>
		<wp:post_id>87</wp:post_id>
		<wp:post_date><![CDATA[2016-05-27 10:24:37]]></wp:post_date>
		<wp:post_date_gmt><![CDATA[2016-05-27 10:24:37]]></wp:post_date_gmt>
		<wp:comment_status><![CDATA[open]]></wp:comment_status>
		<wp:ping_status><![CDATA[closed]]></wp:ping_status>
		<wp:post_name><![CDATA[fashion-beauty]]></wp:post_name>
		<wp:status><![CDATA[inherit]]></wp:status>
		<wp:post_parent>0</wp:post_parent>
		<wp:menu_order>0</wp:menu_order>
		<wp:post_type><![CDATA[attachment]]></wp:post_type>
		<wp:post_password><![CDATA[]]></wp:post_password>
		<wp:is_sticky>0</wp:is_sticky>
		<wp:attachment_url><![CDATA[http://demo.beetube.me/wp-content/uploads/2016/05/fashion-beauty.png]]></wp:attachment_url>
		<wp:postmeta>
			<wp:meta_key><![CDATA[_wp_attached_file]]></wp:meta_key>
			<wp:meta_value><![CDATA[2016/05/fashion-beauty.png]]></wp:meta_value>
		</wp:postmeta>
		<wp:postmeta>
			<wp:meta_key><![CDATA[_wp_attachment_metadata]]></wp:meta_key>
			<wp:meta_value><![CDATA[a:5:{s:5:"width";i:195;s:6:"height";i:130;s:4:"file";s:26:"2016/05/fashion-beauty.png";s:5:"sizes";a:2:{s:9:"thumbnail";a:4:{s:4:"file";s:26:"fashion-beauty-150x130.png";s:5:"width";i:150;s:6:"height";i:130;s:9:"mime-type";s:9:"image/png";}s:14:"beetube-movies";a:4:{s:4:"file";s:26:"fashion-beauty-185x123.png";s:5:"width";i:185;s:6:"height";i:123;s:9:"mime-type";s:9:"image/png";}}s:10:"image_meta";a:12:{s:8:"aperture";s:1:"0";s:6:"credit";s:0:"";s:6:"camera";s:0:"";s:7:"caption";s:0:"";s:17:"created_timestamp";s:1:"0";s:9:"copyright";s:0:"";s:12:"focal_length";s:1:"0";s:3:"iso";s:1:"0";s:13:"shutter_speed";s:1:"0";s:5:"title";s:0:"";s:11:"orientation";s:1:"0";s:8:"keywords";a:0:{}}}]]></wp:meta_value>
		</wp:postmeta>
		<wp:postmeta>
			<wp:meta_key><![CDATA[_wp_attachment_image_alt]]></wp:meta_key>
			<wp:meta_value><![CDATA[fashion-beauty]]></wp:meta_value>
		</wp:postmeta>
	</item>
	<item>
		<title>food-drink</title>
		<link>http://demo.beetube.me/food-drink/</link>
		<pubDate>Fri, 27 May 2016 10:24:39 +0000</pubDate>
		<dc:creator><![CDATA[admin]]></dc:creator>
		<guid isPermaLink="false">http://demo.beetube.me/wp-content/uploads/2016/05/food-drink.png</guid>
		<description></description>
		<content:encoded><![CDATA[]]></content:encoded>
		<excerpt:encoded><![CDATA[]]></excerpt:encoded>
		<wp:post_id>88</wp:post_id>
		<wp:post_date><![CDATA[2016-05-27 10:24:39]]></wp:post_date>
		<wp:post_date_gmt><![CDATA[2016-05-27 10:24:39]]></wp:post_date_gmt>
		<wp:comment_status><![CDATA[open]]></wp:comment_status>
		<wp:ping_status><![CDATA[closed]]></wp:ping_status>
		<wp:post_name><![CDATA[food-drink]]></wp:post_name>
		<wp:status><![CDATA[inherit]]></wp:status>
		<wp:post_parent>0</wp:post_parent>
		<wp:menu_order>0</wp:menu_order>
		<wp:post_type><![CDATA[attachment]]></wp:post_type>
		<wp:post_password><![CDATA[]]></wp:post_password>
		<wp:is_sticky>0</wp:is_sticky>
		<wp:attachment_url><![CDATA[http://demo.beetube.me/wp-content/uploads/2016/05/food-drink.png]]></wp:attachment_url>
		<wp:postmeta>
			<wp:meta_key><![CDATA[_wp_attached_file]]></wp:meta_key>
			<wp:meta_value><![CDATA[2016/05/food-drink.png]]></wp:meta_value>
		</wp:postmeta>
		<wp:postmeta>
			<wp:meta_key><![CDATA[_wp_attachment_metadata]]></wp:meta_key>
			<wp:meta_value><![CDATA[a:5:{s:5:"width";i:196;s:6:"height";i:130;s:4:"file";s:22:"2016/05/food-drink.png";s:5:"sizes";a:2:{s:9:"thumbnail";a:4:{s:4:"file";s:22:"food-drink-150x130.png";s:5:"width";i:150;s:6:"height";i:130;s:9:"mime-type";s:9:"image/png";}s:14:"beetube-movies";a:4:{s:4:"file";s:22:"food-drink-185x123.png";s:5:"width";i:185;s:6:"height";i:123;s:9:"mime-type";s:9:"image/png";}}s:10:"image_meta";a:12:{s:8:"aperture";s:1:"0";s:6:"credit";s:0:"";s:6:"camera";s:0:"";s:7:"caption";s:0:"";s:17:"created_timestamp";s:1:"0";s:9:"copyright";s:0:"";s:12:"focal_length";s:1:"0";s:3:"iso";s:1:"0";s:13:"shutter_speed";s:1:"0";s:5:"title";s:0:"";s:11:"orientation";s:1:"0";s:8:"keywords";a:0:{}}}]]></wp:meta_value>
		</wp:postmeta>
		<wp:postmeta>
			<wp:meta_key><![CDATA[_wp_attachment_image_alt]]></wp:meta_key>
			<wp:meta_value><![CDATA[food-drink]]></wp:meta_value>
		</wp:postmeta>
	</item>
	<item>
		<title>automotive</title>
		<link>http://demo.beetube.me/automotive/</link>
		<pubDate>Fri, 27 May 2016 10:24:43 +0000</pubDate>
		<dc:creator><![CDATA[admin]]></dc:creator>
		<guid isPermaLink="false">http://demo.beetube.me/wp-content/uploads/2016/05/automotive.png</guid>
		<description></description>
		<content:encoded><![CDATA[]]></content:encoded>
		<excerpt:encoded><![CDATA[]]></excerpt:encoded>
		<wp:post_id>89</wp:post_id>
		<wp:post_date><![CDATA[2016-05-27 10:24:43]]></wp:post_date>
		<wp:post_date_gmt><![CDATA[2016-05-27 10:24:43]]></wp:post_date_gmt>
		<wp:comment_status><![CDATA[open]]></wp:comment_status>
		<wp:ping_status><![CDATA[closed]]></wp:ping_status>
		<wp:post_name><![CDATA[automotive]]></wp:post_name>
		<wp:status><![CDATA[inherit]]></wp:status>
		<wp:post_parent>0</wp:post_parent>
		<wp:menu_order>0</wp:menu_order>
		<wp:post_type><![CDATA[attachment]]></wp:post_type>
		<wp:post_password><![CDATA[]]></wp:post_password>
		<wp:is_sticky>0</wp:is_sticky>
		<wp:attachment_url><![CDATA[http://demo.beetube.me/wp-content/uploads/2016/05/automotive.png]]></wp:attachment_url>
		<wp:postmeta>
			<wp:meta_key><![CDATA[_wp_attached_file]]></wp:meta_key>
			<wp:meta_value><![CDATA[2016/05/automotive.png]]></wp:meta_value>
		</wp:postmeta>
		<wp:postmeta>
			<wp:meta_key><![CDATA[_wp_attachment_metadata]]></wp:meta_key>
			<wp:meta_value><![CDATA[a:5:{s:5:"width";i:195;s:6:"height";i:130;s:4:"file";s:22:"2016/05/automotive.png";s:5:"sizes";a:2:{s:9:"thumbnail";a:4:{s:4:"file";s:22:"automotive-150x130.png";s:5:"width";i:150;s:6:"height";i:130;s:9:"mime-type";s:9:"image/png";}s:14:"beetube-movies";a:4:{s:4:"file";s:22:"automotive-185x123.png";s:5:"width";i:185;s:6:"height";i:123;s:9:"mime-type";s:9:"image/png";}}s:10:"image_meta";a:12:{s:8:"aperture";s:1:"0";s:6:"credit";s:0:"";s:6:"camera";s:0:"";s:7:"caption";s:0:"";s:17:"created_timestamp";s:1:"0";s:9:"copyright";s:0:"";s:12:"focal_length";s:1:"0";s:3:"iso";s:1:"0";s:13:"shutter_speed";s:1:"0";s:5:"title";s:0:"";s:11:"orientation";s:1:"0";s:8:"keywords";a:0:{}}}]]></wp:meta_value>
		</wp:postmeta>
		<wp:postmeta>
			<wp:meta_key><![CDATA[_wp_attachment_image_alt]]></wp:meta_key>
			<wp:meta_value><![CDATA[automotive]]></wp:meta_value>
		</wp:postmeta>
	</item>
	<item>
		<title>sports</title>
		<link>http://demo.beetube.me/sports/</link>
		<pubDate>Fri, 27 May 2016 10:25:01 +0000</pubDate>
		<dc:creator><![CDATA[admin]]></dc:creator>
		<guid isPermaLink="false">http://demo.beetube.me/wp-content/uploads/2016/05/sports.png</guid>
		<description></description>
		<content:encoded><![CDATA[]]></content:encoded>
		<excerpt:encoded><![CDATA[]]></excerpt:encoded>
		<wp:post_id>90</wp:post_id>
		<wp:post_date><![CDATA[2016-05-27 10:25:01]]></wp:post_date>
		<wp:post_date_gmt><![CDATA[2016-05-27 10:25:01]]></wp:post_date_gmt>
		<wp:comment_status><![CDATA[open]]></wp:comment_status>
		<wp:ping_status><![CDATA[closed]]></wp:ping_status>
		<wp:post_name><![CDATA[sports]]></wp:post_name>
		<wp:status><![CDATA[inherit]]></wp:status>
		<wp:post_parent>0</wp:post_parent>
		<wp:menu_order>0</wp:menu_order>
		<wp:post_type><![CDATA[attachment]]></wp:post_type>
		<wp:post_password><![CDATA[]]></wp:post_password>
		<wp:is_sticky>0</wp:is_sticky>
		<wp:attachment_url><![CDATA[http://demo.beetube.me/wp-content/uploads/2016/05/sports.png]]></wp:attachment_url>
		<wp:postmeta>
			<wp:meta_key><![CDATA[_wp_attached_file]]></wp:meta_key>
			<wp:meta_value><![CDATA[2016/05/sports.png]]></wp:meta_value>
		</wp:postmeta>
		<wp:postmeta>
			<wp:meta_key><![CDATA[_wp_attachment_metadata]]></wp:meta_key>
			<wp:meta_value><![CDATA[a:5:{s:5:"width";i:195;s:6:"height";i:130;s:4:"file";s:18:"2016/05/sports.png";s:5:"sizes";a:2:{s:9:"thumbnail";a:4:{s:4:"file";s:18:"sports-150x130.png";s:5:"width";i:150;s:6:"height";i:130;s:9:"mime-type";s:9:"image/png";}s:14:"beetube-movies";a:4:{s:4:"file";s:18:"sports-185x123.png";s:5:"width";i:185;s:6:"height";i:123;s:9:"mime-type";s:9:"image/png";}}s:10:"image_meta";a:12:{s:8:"aperture";s:1:"0";s:6:"credit";s:0:"";s:6:"camera";s:0:"";s:7:"caption";s:0:"";s:17:"created_timestamp";s:1:"0";s:9:"copyright";s:0:"";s:12:"focal_length";s:1:"0";s:3:"iso";s:1:"0";s:13:"shutter_speed";s:1:"0";s:5:"title";s:0:"";s:11:"orientation";s:1:"0";s:8:"keywords";a:0:{}}}]]></wp:meta_value>
		</wp:postmeta>
	</item>
	<item>
		<title>technology</title>
		<link>http://demo.beetube.me/technology/</link>
		<pubDate>Fri, 27 May 2016 10:25:08 +0000</pubDate>
		<dc:creator><![CDATA[admin]]></dc:creator>
		<guid isPermaLink="false">http://demo.beetube.me/wp-content/uploads/2016/05/technology.png</guid>
		<description></description>
		<content:encoded><![CDATA[]]></content:encoded>
		<excerpt:encoded><![CDATA[]]></excerpt:encoded>
		<wp:post_id>91</wp:post_id>
		<wp:post_date><![CDATA[2016-05-27 10:25:08]]></wp:post_date>
		<wp:post_date_gmt><![CDATA[2016-05-27 10:25:08]]></wp:post_date_gmt>
		<wp:comment_status><![CDATA[open]]></wp:comment_status>
		<wp:ping_status><![CDATA[closed]]></wp:ping_status>
		<wp:post_name><![CDATA[technology]]></wp:post_name>
		<wp:status><![CDATA[inherit]]></wp:status>
		<wp:post_parent>0</wp:post_parent>
		<wp:menu_order>0</wp:menu_order>
		<wp:post_type><![CDATA[attachment]]></wp:post_type>
		<wp:post_password><![CDATA[]]></wp:post_password>
		<wp:is_sticky>0</wp:is_sticky>
		<wp:attachment_url><![CDATA[http://demo.beetube.me/wp-content/uploads/2016/05/technology.png]]></wp:attachment_url>
		<wp:postmeta>
			<wp:meta_key><![CDATA[_wp_attached_file]]></wp:meta_key>
			<wp:meta_value><![CDATA[2016/05/technology.png]]></wp:meta_value>
		</wp:postmeta>
		<wp:postmeta>
			<wp:meta_key><![CDATA[_wp_attachment_metadata]]></wp:meta_key>
			<wp:meta_value><![CDATA[a:5:{s:5:"width";i:195;s:6:"height";i:130;s:4:"file";s:22:"2016/05/technology.png";s:5:"sizes";a:2:{s:9:"thumbnail";a:4:{s:4:"file";s:22:"technology-150x130.png";s:5:"width";i:150;s:6:"height";i:130;s:9:"mime-type";s:9:"image/png";}s:14:"beetube-movies";a:4:{s:4:"file";s:22:"technology-185x123.png";s:5:"width";i:185;s:6:"height";i:123;s:9:"mime-type";s:9:"image/png";}}s:10:"image_meta";a:12:{s:8:"aperture";s:1:"0";s:6:"credit";s:0:"";s:6:"camera";s:0:"";s:7:"caption";s:0:"";s:17:"created_timestamp";s:1:"0";s:9:"copyright";s:0:"";s:12:"focal_length";s:1:"0";s:3:"iso";s:1:"0";s:13:"shutter_speed";s:1:"0";s:5:"title";s:0:"";s:11:"orientation";s:1:"0";s:8:"keywords";a:0:{}}}]]></wp:meta_value>
		</wp:postmeta>
		<wp:postmeta>
			<wp:meta_key><![CDATA[_wp_attachment_image_alt]]></wp:meta_key>
			<wp:meta_value><![CDATA[technology]]></wp:meta_value>
		</wp:postmeta>
	</item>
	<item>
		<title>betube author</title>
		<link>http://demo.beetube.me/03/</link>
		<pubDate>Fri, 27 May 2016 11:10:47 +0000</pubDate>
		<dc:creator><![CDATA[admin]]></dc:creator>
		<guid isPermaLink="false">http://demo.beetube.me/wp-content/uploads/2016/05/03.jpg</guid>
		<description></description>
		<content:encoded><![CDATA[]]></content:encoded>
		<excerpt:encoded><![CDATA[]]></excerpt:encoded>
		<wp:post_id>92</wp:post_id>
		<wp:post_date><![CDATA[2016-05-27 11:10:47]]></wp:post_date>
		<wp:post_date_gmt><![CDATA[2016-05-27 11:10:47]]></wp:post_date_gmt>
		<wp:comment_status><![CDATA[open]]></wp:comment_status>
		<wp:ping_status><![CDATA[closed]]></wp:ping_status>
		<wp:post_name><![CDATA[03]]></wp:post_name>
		<wp:status><![CDATA[inherit]]></wp:status>
		<wp:post_parent>0</wp:post_parent>
		<wp:menu_order>0</wp:menu_order>
		<wp:post_type><![CDATA[attachment]]></wp:post_type>
		<wp:post_password><![CDATA[]]></wp:post_password>
		<wp:is_sticky>0</wp:is_sticky>
		<wp:attachment_url><![CDATA[http://demo.beetube.me/wp-content/uploads/2016/05/03.jpg]]></wp:attachment_url>
		<wp:postmeta>
			<wp:meta_key><![CDATA[_wp_attached_file]]></wp:meta_key>
			<wp:meta_value><![CDATA[2016/05/03.jpg]]></wp:meta_value>
		</wp:postmeta>
		<wp:postmeta>
			<wp:meta_key><![CDATA[_wp_attachment_metadata]]></wp:meta_key>
			<wp:meta_value><![CDATA[a:5:{s:5:"width";i:140;s:6:"height";i:130;s:4:"file";s:14:"2016/05/03.jpg";s:5:"sizes";a:0:{}s:10:"image_meta";a:12:{s:8:"aperture";s:1:"0";s:6:"credit";s:0:"";s:6:"camera";s:0:"";s:7:"caption";s:0:"";s:17:"created_timestamp";s:1:"0";s:9:"copyright";s:0:"";s:12:"focal_length";s:1:"0";s:3:"iso";s:1:"0";s:13:"shutter_speed";s:1:"0";s:5:"title";s:0:"";s:11:"orientation";s:1:"1";s:8:"keywords";a:0:{}}}]]></wp:meta_value>
		</wp:postmeta>
		<wp:postmeta>
			<wp:meta_key><![CDATA[_wp_attachment_image_alt]]></wp:meta_key>
			<wp:meta_value><![CDATA[betube author]]></wp:meta_value>
		</wp:postmeta>
	</item>
	<item>
		<title>Movie</title>
		<link>http://demo.beetube.me/movies/lorem-ipsum-dolor-sit-amet/attachment/02/</link>
		<pubDate>Fri, 27 May 2016 11:18:55 +0000</pubDate>
		<dc:creator><![CDATA[admin]]></dc:creator>
		<guid isPermaLink="false">http://demo.beetube.me/wp-content/uploads/2016/05/02.jpg</guid>
		<description></description>
		<content:encoded><![CDATA[]]></content:encoded>
		<excerpt:encoded><![CDATA[]]></excerpt:encoded>
		<wp:post_id>94</wp:post_id>
		<wp:post_date><![CDATA[2016-05-27 11:18:55]]></wp:post_date>
		<wp:post_date_gmt><![CDATA[2016-05-27 11:18:55]]></wp:post_date_gmt>
		<wp:comment_status><![CDATA[open]]></wp:comment_status>
		<wp:ping_status><![CDATA[closed]]></wp:ping_status>
		<wp:post_name><![CDATA[02]]></wp:post_name>
		<wp:status><![CDATA[inherit]]></wp:status>
		<wp:post_parent>93</wp:post_parent>
		<wp:menu_order>0</wp:menu_order>
		<wp:post_type><![CDATA[attachment]]></wp:post_type>
		<wp:post_password><![CDATA[]]></wp:post_password>
		<wp:is_sticky>0</wp:is_sticky>
		<wp:attachment_url><![CDATA[http://demo.beetube.me/wp-content/uploads/2016/05/02.jpg]]></wp:attachment_url>
		<wp:postmeta>
			<wp:meta_key><![CDATA[_wp_attached_file]]></wp:meta_key>
			<wp:meta_value><![CDATA[2016/05/02.jpg]]></wp:meta_value>
		</wp:postmeta>
		<wp:postmeta>
			<wp:meta_key><![CDATA[_wp_attachment_metadata]]></wp:meta_key>
			<wp:meta_value><![CDATA[a:5:{s:5:"width";i:185;s:6:"height";i:260;s:4:"file";s:14:"2016/05/02.jpg";s:5:"sizes";a:2:{s:9:"thumbnail";a:4:{s:4:"file";s:14:"02-150x150.jpg";s:5:"width";i:150;s:6:"height";i:150;s:9:"mime-type";s:10:"image/jpeg";}s:14:"beetube-movies";a:4:{s:4:"file";s:14:"02-185x260.jpg";s:5:"width";i:185;s:6:"height";i:260;s:9:"mime-type";s:10:"image/jpeg";}}s:10:"image_meta";a:12:{s:8:"aperture";s:1:"0";s:6:"credit";s:0:"";s:6:"camera";s:0:"";s:7:"caption";s:0:"";s:17:"created_timestamp";s:1:"0";s:9:"copyright";s:0:"";s:12:"focal_length";s:1:"0";s:3:"iso";s:1:"0";s:13:"shutter_speed";s:1:"0";s:5:"title";s:0:"";s:11:"orientation";s:1:"1";s:8:"keywords";a:0:{}}}]]></wp:meta_value>
		</wp:postmeta>
		<wp:postmeta>
			<wp:meta_key><![CDATA[_wp_attachment_image_alt]]></wp:meta_key>
			<wp:meta_value><![CDATA[Movie]]></wp:meta_value>
		</wp:postmeta>
	</item>
	<item>
		<title>03</title>
		<link>http://demo.beetube.me/movies/lorem-ipsum-consectetur-adipiscing/03-2/</link>
		<pubDate>Fri, 27 May 2016 11:23:06 +0000</pubDate>
		<dc:creator><![CDATA[admin]]></dc:creator>
		<guid isPermaLink="false">http://demo.beetube.me/wp-content/uploads/2016/05/03-1.jpg</guid>
		<description></description>
		<content:encoded><![CDATA[]]></content:encoded>
		<excerpt:encoded><![CDATA[]]></excerpt:encoded>
		<wp:post_id>96</wp:post_id>
		<wp:post_date><![CDATA[2016-05-27 11:23:06]]></wp:post_date>
		<wp:post_date_gmt><![CDATA[2016-05-27 11:23:06]]></wp:post_date_gmt>
		<wp:comment_status><![CDATA[open]]></wp:comment_status>
		<wp:ping_status><![CDATA[closed]]></wp:ping_status>
		<wp:post_name><![CDATA[03-2]]></wp:post_name>
		<wp:status><![CDATA[inherit]]></wp:status>
		<wp:post_parent>95</wp:post_parent>
		<wp:menu_order>0</wp:menu_order>
		<wp:post_type><![CDATA[attachment]]></wp:post_type>
		<wp:post_password><![CDATA[]]></wp:post_password>
		<wp:is_sticky>0</wp:is_sticky>
		<wp:attachment_url><![CDATA[http://demo.beetube.me/wp-content/uploads/2016/05/03-1.jpg]]></wp:attachment_url>
		<wp:postmeta>
			<wp:meta_key><![CDATA[_wp_attached_file]]></wp:meta_key>
			<wp:meta_value><![CDATA[2016/05/03-1.jpg]]></wp:meta_value>
		</wp:postmeta>
		<wp:postmeta>
			<wp:meta_key><![CDATA[_wp_attachment_metadata]]></wp:meta_key>
			<wp:meta_value><![CDATA[a:5:{s:5:"width";i:185;s:6:"height";i:260;s:4:"file";s:16:"2016/05/03-1.jpg";s:5:"sizes";a:2:{s:9:"thumbnail";a:4:{s:4:"file";s:16:"03-1-150x150.jpg";s:5:"width";i:150;s:6:"height";i:150;s:9:"mime-type";s:10:"image/jpeg";}s:14:"beetube-movies";a:4:{s:4:"file";s:16:"03-1-185x260.jpg";s:5:"width";i:185;s:6:"height";i:260;s:9:"mime-type";s:10:"image/jpeg";}}s:10:"image_meta";a:12:{s:8:"aperture";s:1:"0";s:6:"credit";s:0:"";s:6:"camera";s:0:"";s:7:"caption";s:0:"";s:17:"created_timestamp";s:1:"0";s:9:"copyright";s:0:"";s:12:"focal_length";s:1:"0";s:3:"iso";s:1:"0";s:13:"shutter_speed";s:1:"0";s:5:"title";s:0:"";s:11:"orientation";s:1:"1";s:8:"keywords";a:0:{}}}]]></wp:meta_value>
		</wp:postmeta>
		<wp:postmeta>
			<wp:meta_key><![CDATA[_wp_attachment_image_alt]]></wp:meta_key>
			<wp:meta_value><![CDATA[movies]]></wp:meta_value>
		</wp:postmeta>
	</item>
	<item>
		<title>04</title>
		<link>http://demo.beetube.me/movies/lorem-ipsum-dolor-etiam-ornare-faucibus/attachment/04/</link>
		<pubDate>Fri, 27 May 2016 11:25:39 +0000</pubDate>
		<dc:creator><![CDATA[admin]]></dc:creator>
		<guid isPermaLink="false">http://demo.beetube.me/wp-content/uploads/2016/05/04.jpg</guid>
		<description></description>
		<content:encoded><![CDATA[]]></content:encoded>
		<excerpt:encoded><![CDATA[]]></excerpt:encoded>
		<wp:post_id>98</wp:post_id>
		<wp:post_date><![CDATA[2016-05-27 11:25:39]]></wp:post_date>
		<wp:post_date_gmt><![CDATA[2016-05-27 11:25:39]]></wp:post_date_gmt>
		<wp:comment_status><![CDATA[open]]></wp:comment_status>
		<wp:ping_status><![CDATA[closed]]></wp:ping_status>
		<wp:post_name><![CDATA[04]]></wp:post_name>
		<wp:status><![CDATA[inherit]]></wp:status>
		<wp:post_parent>97</wp:post_parent>
		<wp:menu_order>0</wp:menu_order>
		<wp:post_type><![CDATA[attachment]]></wp:post_type>
		<wp:post_password><![CDATA[]]></wp:post_password>
		<wp:is_sticky>0</wp:is_sticky>
		<wp:attachment_url><![CDATA[http://demo.beetube.me/wp-content/uploads/2016/05/04.jpg]]></wp:attachment_url>
		<wp:postmeta>
			<wp:meta_key><![CDATA[_wp_attached_file]]></wp:meta_key>
			<wp:meta_value><![CDATA[2016/05/04.jpg]]></wp:meta_value>
		</wp:postmeta>
		<wp:postmeta>
			<wp:meta_key><![CDATA[_wp_attachment_metadata]]></wp:meta_key>
			<wp:meta_value><![CDATA[a:5:{s:5:"width";i:185;s:6:"height";i:260;s:4:"file";s:14:"2016/05/04.jpg";s:5:"sizes";a:2:{s:9:"thumbnail";a:4:{s:4:"file";s:14:"04-150x150.jpg";s:5:"width";i:150;s:6:"height";i:150;s:9:"mime-type";s:10:"image/jpeg";}s:14:"beetube-movies";a:4:{s:4:"file";s:14:"04-185x260.jpg";s:5:"width";i:185;s:6:"height";i:260;s:9:"mime-type";s:10:"image/jpeg";}}s:10:"image_meta";a:12:{s:8:"aperture";s:1:"0";s:6:"credit";s:0:"";s:6:"camera";s:0:"";s:7:"caption";s:0:"";s:17:"created_timestamp";s:1:"0";s:9:"copyright";s:0:"";s:12:"focal_length";s:1:"0";s:3:"iso";s:1:"0";s:13:"shutter_speed";s:1:"0";s:5:"title";s:0:"";s:11:"orientation";s:1:"1";s:8:"keywords";a:0:{}}}]]></wp:meta_value>
		</wp:postmeta>
		<wp:postmeta>
			<wp:meta_key><![CDATA[_wp_attachment_image_alt]]></wp:meta_key>
			<wp:meta_value><![CDATA[Movie]]></wp:meta_value>
		</wp:postmeta>
	</item>
	<item>
		<title>movie-betube</title>
		<link>http://demo.beetube.me/movies/lorem-donec-vulputate-nulla-justo/attachment/05/</link>
		<pubDate>Fri, 27 May 2016 11:27:57 +0000</pubDate>
		<dc:creator><![CDATA[admin]]></dc:creator>
		<guid isPermaLink="false">http://demo.beetube.me/wp-content/uploads/2016/05/05.jpg</guid>
		<description></description>
		<content:encoded><![CDATA[]]></content:encoded>
		<excerpt:encoded><![CDATA[]]></excerpt:encoded>
		<wp:post_id>100</wp:post_id>
		<wp:post_date><![CDATA[2016-05-27 11:27:57]]></wp:post_date>
		<wp:post_date_gmt><![CDATA[2016-05-27 11:27:57]]></wp:post_date_gmt>
		<wp:comment_status><![CDATA[open]]></wp:comment_status>
		<wp:ping_status><![CDATA[closed]]></wp:ping_status>
		<wp:post_name><![CDATA[05]]></wp:post_name>
		<wp:status><![CDATA[inherit]]></wp:status>
		<wp:post_parent>99</wp:post_parent>
		<wp:menu_order>0</wp:menu_order>
		<wp:post_type><![CDATA[attachment]]></wp:post_type>
		<wp:post_password><![CDATA[]]></wp:post_password>
		<wp:is_sticky>0</wp:is_sticky>
		<wp:attachment_url><![CDATA[http://demo.beetube.me/wp-content/uploads/2016/05/05.jpg]]></wp:attachment_url>
		<wp:postmeta>
			<wp:meta_key><![CDATA[_wp_attached_file]]></wp:meta_key>
			<wp:meta_value><![CDATA[2016/05/05.jpg]]></wp:meta_value>
		</wp:postmeta>
		<wp:postmeta>
			<wp:meta_key><![CDATA[_wp_attachment_metadata]]></wp:meta_key>
			<wp:meta_value><![CDATA[a:5:{s:5:"width";i:185;s:6:"height";i:260;s:4:"file";s:14:"2016/05/05.jpg";s:5:"sizes";a:2:{s:9:"thumbnail";a:4:{s:4:"file";s:14:"05-150x150.jpg";s:5:"width";i:150;s:6:"height";i:150;s:9:"mime-type";s:10:"image/jpeg";}s:14:"beetube-movies";a:4:{s:4:"file";s:14:"05-185x260.jpg";s:5:"width";i:185;s:6:"height";i:260;s:9:"mime-type";s:10:"image/jpeg";}}s:10:"image_meta";a:12:{s:8:"aperture";s:1:"0";s:6:"credit";s:0:"";s:6:"camera";s:0:"";s:7:"caption";s:0:"";s:17:"created_timestamp";s:1:"0";s:9:"copyright";s:0:"";s:12:"focal_length";s:1:"0";s:3:"iso";s:1:"0";s:13:"shutter_speed";s:1:"0";s:5:"title";s:0:"";s:11:"orientation";s:1:"1";s:8:"keywords";a:0:{}}}]]></wp:meta_value>
		</wp:postmeta>
		<wp:postmeta>
			<wp:meta_key><![CDATA[_wp_attachment_image_alt]]></wp:meta_key>
			<wp:meta_value><![CDATA[movie-betube]]></wp:meta_value>
		</wp:postmeta>
	</item>
	<item>
		<title>07</title>
		<link>http://demo.beetube.me/movies/morbi-hendrerit-metus-et-dignissim-ullamcorper/attachment/07/</link>
		<pubDate>Fri, 27 May 2016 11:30:27 +0000</pubDate>
		<dc:creator><![CDATA[admin]]></dc:creator>
		<guid isPermaLink="false">http://demo.beetube.me/wp-content/uploads/2016/05/07.jpg</guid>
		<description></description>
		<content:encoded><![CDATA[]]></content:encoded>
		<excerpt:encoded><![CDATA[]]></excerpt:encoded>
		<wp:post_id>102</wp:post_id>
		<wp:post_date><![CDATA[2016-05-27 11:30:27]]></wp:post_date>
		<wp:post_date_gmt><![CDATA[2016-05-27 11:30:27]]></wp:post_date_gmt>
		<wp:comment_status><![CDATA[open]]></wp:comment_status>
		<wp:ping_status><![CDATA[closed]]></wp:ping_status>
		<wp:post_name><![CDATA[07]]></wp:post_name>
		<wp:status><![CDATA[inherit]]></wp:status>
		<wp:post_parent>101</wp:post_parent>
		<wp:menu_order>0</wp:menu_order>
		<wp:post_type><![CDATA[attachment]]></wp:post_type>
		<wp:post_password><![CDATA[]]></wp:post_password>
		<wp:is_sticky>0</wp:is_sticky>
		<wp:attachment_url><![CDATA[http://demo.beetube.me/wp-content/uploads/2016/05/07.jpg]]></wp:attachment_url>
		<wp:postmeta>
			<wp:meta_key><![CDATA[_wp_attached_file]]></wp:meta_key>
			<wp:meta_value><![CDATA[2016/05/07.jpg]]></wp:meta_value>
		</wp:postmeta>
		<wp:postmeta>
			<wp:meta_key><![CDATA[_wp_attachment_metadata]]></wp:meta_key>
			<wp:meta_value><![CDATA[a:5:{s:5:"width";i:185;s:6:"height";i:260;s:4:"file";s:14:"2016/05/07.jpg";s:5:"sizes";a:2:{s:9:"thumbnail";a:4:{s:4:"file";s:14:"07-150x150.jpg";s:5:"width";i:150;s:6:"height";i:150;s:9:"mime-type";s:10:"image/jpeg";}s:14:"beetube-movies";a:4:{s:4:"file";s:14:"07-185x260.jpg";s:5:"width";i:185;s:6:"height";i:260;s:9:"mime-type";s:10:"image/jpeg";}}s:10:"image_meta";a:12:{s:8:"aperture";s:1:"0";s:6:"credit";s:0:"";s:6:"camera";s:0:"";s:7:"caption";s:0:"";s:17:"created_timestamp";s:1:"0";s:9:"copyright";s:0:"";s:12:"focal_length";s:1:"0";s:3:"iso";s:1:"0";s:13:"shutter_speed";s:1:"0";s:5:"title";s:0:"";s:11:"orientation";s:1:"1";s:8:"keywords";a:0:{}}}]]></wp:meta_value>
		</wp:postmeta>
		<wp:postmeta>
			<wp:meta_key><![CDATA[_wp_attachment_image_alt]]></wp:meta_key>
			<wp:meta_value><![CDATA[Movies]]></wp:meta_value>
		</wp:postmeta>
	</item>
	<item>
		<title>movie</title>
		<link>http://demo.beetube.me/movies/praesent-blandit-lorem-et-dolor-porttitor/attachment/08/</link>
		<pubDate>Fri, 27 May 2016 11:33:43 +0000</pubDate>
		<dc:creator><![CDATA[admin]]></dc:creator>
		<guid isPermaLink="false">http://demo.beetube.me/wp-content/uploads/2016/05/08.jpg</guid>
		<description></description>
		<content:encoded><![CDATA[]]></content:encoded>
		<excerpt:encoded><![CDATA[]]></excerpt:encoded>
		<wp:post_id>104</wp:post_id>
		<wp:post_date><![CDATA[2016-05-27 11:33:43]]></wp:post_date>
		<wp:post_date_gmt><![CDATA[2016-05-27 11:33:43]]></wp:post_date_gmt>
		<wp:comment_status><![CDATA[open]]></wp:comment_status>
		<wp:ping_status><![CDATA[closed]]></wp:ping_status>
		<wp:post_name><![CDATA[08]]></wp:post_name>
		<wp:status><![CDATA[inherit]]></wp:status>
		<wp:post_parent>103</wp:post_parent>
		<wp:menu_order>0</wp:menu_order>
		<wp:post_type><![CDATA[attachment]]></wp:post_type>
		<wp:post_password><![CDATA[]]></wp:post_password>
		<wp:is_sticky>0</wp:is_sticky>
		<wp:attachment_url><![CDATA[http://demo.beetube.me/wp-content/uploads/2016/05/08.jpg]]></wp:attachment_url>
		<wp:postmeta>
			<wp:meta_key><![CDATA[_wp_attached_file]]></wp:meta_key>
			<wp:meta_value><![CDATA[2016/05/08.jpg]]></wp:meta_value>
		</wp:postmeta>
		<wp:postmeta>
			<wp:meta_key><![CDATA[_wp_attachment_metadata]]></wp:meta_key>
			<wp:meta_value><![CDATA[a:5:{s:5:"width";i:185;s:6:"height";i:260;s:4:"file";s:14:"2016/05/08.jpg";s:5:"sizes";a:2:{s:9:"thumbnail";a:4:{s:4:"file";s:14:"08-150x150.jpg";s:5:"width";i:150;s:6:"height";i:150;s:9:"mime-type";s:10:"image/jpeg";}s:14:"beetube-movies";a:4:{s:4:"file";s:14:"08-185x260.jpg";s:5:"width";i:185;s:6:"height";i:260;s:9:"mime-type";s:10:"image/jpeg";}}s:10:"image_meta";a:12:{s:8:"aperture";s:1:"0";s:6:"credit";s:0:"";s:6:"camera";s:0:"";s:7:"caption";s:0:"";s:17:"created_timestamp";s:1:"0";s:9:"copyright";s:0:"";s:12:"focal_length";s:1:"0";s:3:"iso";s:1:"0";s:13:"shutter_speed";s:1:"0";s:5:"title";s:0:"";s:11:"orientation";s:1:"1";s:8:"keywords";a:0:{}}}]]></wp:meta_value>
		</wp:postmeta>
		<wp:postmeta>
			<wp:meta_key><![CDATA[_wp_attachment_image_alt]]></wp:meta_key>
			<wp:meta_value><![CDATA[movie]]></wp:meta_value>
		</wp:postmeta>
	</item>
	<item>
		<title>betube-image</title>
		<link>http://demo.beetube.me/2016/05/27/lorem-ipsum-dolor-sit-amet/attachment/01/</link>
		<pubDate>Fri, 27 May 2016 11:37:15 +0000</pubDate>
		<dc:creator><![CDATA[admin]]></dc:creator>
		<guid isPermaLink="false">http://demo.beetube.me/wp-content/uploads/2016/05/01.jpg</guid>
		<description></description>
		<content:encoded><![CDATA[]]></content:encoded>
		<excerpt:encoded><![CDATA[]]></excerpt:encoded>
		<wp:post_id>108</wp:post_id>
		<wp:post_date><![CDATA[2016-05-27 11:37:15]]></wp:post_date>
		<wp:post_date_gmt><![CDATA[2016-05-27 11:37:15]]></wp:post_date_gmt>
		<wp:comment_status><![CDATA[open]]></wp:comment_status>
		<wp:ping_status><![CDATA[closed]]></wp:ping_status>
		<wp:post_name><![CDATA[01]]></wp:post_name>
		<wp:status><![CDATA[inherit]]></wp:status>
		<wp:post_parent>105</wp:post_parent>
		<wp:menu_order>0</wp:menu_order>
		<wp:post_type><![CDATA[attachment]]></wp:post_type>
		<wp:post_password><![CDATA[]]></wp:post_password>
		<wp:is_sticky>0</wp:is_sticky>
		<wp:attachment_url><![CDATA[http://demo.beetube.me/wp-content/uploads/2016/05/01.jpg]]></wp:attachment_url>
		<wp:postmeta>
			<wp:meta_key><![CDATA[_wp_attached_file]]></wp:meta_key>
			<wp:meta_value><![CDATA[2016/05/01.jpg]]></wp:meta_value>
		</wp:postmeta>
		<wp:postmeta>
			<wp:meta_key><![CDATA[_wp_attachment_metadata]]></wp:meta_key>
			<wp:meta_value><![CDATA[a:5:{s:5:"width";i:750;s:6:"height";i:500;s:4:"file";s:14:"2016/05/01.jpg";s:5:"sizes";a:4:{s:9:"thumbnail";a:4:{s:4:"file";s:14:"01-150x150.jpg";s:5:"width";i:150;s:6:"height";i:150;s:9:"mime-type";s:10:"image/jpeg";}s:6:"medium";a:4:{s:4:"file";s:14:"01-300x200.jpg";s:5:"width";i:300;s:6:"height";i:200;s:9:"mime-type";s:10:"image/jpeg";}s:15:"beetube-fslider";a:4:{s:4:"file";s:14:"01-400x300.jpg";s:5:"width";i:400;s:6:"height";i:300;s:9:"mime-type";s:10:"image/jpeg";}s:14:"beetube-movies";a:4:{s:4:"file";s:14:"01-185x123.jpg";s:5:"width";i:185;s:6:"height";i:123;s:9:"mime-type";s:10:"image/jpeg";}}s:10:"image_meta";a:12:{s:8:"aperture";s:1:"2";s:6:"credit";s:16:"ViktorHanacek.cz";s:6:"camera";s:21:"Canon EOS 5D Mark III";s:7:"caption";s:0:"";s:17:"created_timestamp";s:10:"1454786001";s:9:"copyright";s:0:"";s:12:"focal_length";s:2:"50";s:3:"iso";s:3:"640";s:13:"shutter_speed";s:7:"0.00625";s:5:"title";s:0:"";s:11:"orientation";s:1:"1";s:8:"keywords";a:0:{}}}]]></wp:meta_value>
		</wp:postmeta>
		<wp:postmeta>
			<wp:meta_key><![CDATA[_wp_attachment_image_alt]]></wp:meta_key>
			<wp:meta_value><![CDATA[betube-image]]></wp:meta_value>
		</wp:postmeta>
	</item>
	<item>
		<title>betube thumbnail</title>
		<link>http://demo.beetube.me/2016/05/27/morbi-hendrerit-metus-et-dignissim-ullamcorper/attachment/21/</link>
		<pubDate>Fri, 27 May 2016 11:43:42 +0000</pubDate>
		<dc:creator><![CDATA[admin]]></dc:creator>
		<guid isPermaLink="false">http://demo.beetube.me/wp-content/uploads/2016/05/21.jpg</guid>
		<description></description>
		<content:encoded><![CDATA[]]></content:encoded>
		<excerpt:encoded><![CDATA[]]></excerpt:encoded>
		<wp:post_id>112</wp:post_id>
		<wp:post_date><![CDATA[2016-05-27 11:43:42]]></wp:post_date>
		<wp:post_date_gmt><![CDATA[2016-05-27 11:43:42]]></wp:post_date_gmt>
		<wp:comment_status><![CDATA[open]]></wp:comment_status>
		<wp:ping_status><![CDATA[closed]]></wp:ping_status>
		<wp:post_name><![CDATA[21]]></wp:post_name>
		<wp:status><![CDATA[inherit]]></wp:status>
		<wp:post_parent>109</wp:post_parent>
		<wp:menu_order>0</wp:menu_order>
		<wp:post_type><![CDATA[attachment]]></wp:post_type>
		<wp:post_password><![CDATA[]]></wp:post_password>
		<wp:is_sticky>0</wp:is_sticky>
		<wp:attachment_url><![CDATA[http://demo.beetube.me/wp-content/uploads/2016/05/21.jpg]]></wp:attachment_url>
		<wp:postmeta>
			<wp:meta_key><![CDATA[_wp_attached_file]]></wp:meta_key>
			<wp:meta_value><![CDATA[2016/05/21.jpg]]></wp:meta_value>
		</wp:postmeta>
		<wp:postmeta>
			<wp:meta_key><![CDATA[_wp_attachment_metadata]]></wp:meta_key>
			<wp:meta_value><![CDATA[a:5:{s:5:"width";i:750;s:6:"height";i:500;s:4:"file";s:14:"2016/05/21.jpg";s:5:"sizes";a:4:{s:9:"thumbnail";a:4:{s:4:"file";s:14:"21-150x150.jpg";s:5:"width";i:150;s:6:"height";i:150;s:9:"mime-type";s:10:"image/jpeg";}s:6:"medium";a:4:{s:4:"file";s:14:"21-300x200.jpg";s:5:"width";i:300;s:6:"height";i:200;s:9:"mime-type";s:10:"image/jpeg";}s:15:"beetube-fslider";a:4:{s:4:"file";s:14:"21-400x300.jpg";s:5:"width";i:400;s:6:"height";i:300;s:9:"mime-type";s:10:"image/jpeg";}s:14:"beetube-movies";a:4:{s:4:"file";s:14:"21-185x123.jpg";s:5:"width";i:185;s:6:"height";i:123;s:9:"mime-type";s:10:"image/jpeg";}}s:10:"image_meta";a:12:{s:8:"aperture";s:1:"8";s:6:"credit";s:0:"";s:6:"camera";s:12:"Canon EOS 7D";s:7:"caption";s:0:"";s:17:"created_timestamp";s:10:"1431092794";s:9:"copyright";s:0:"";s:12:"focal_length";s:2:"10";s:3:"iso";s:3:"100";s:13:"shutter_speed";s:7:"0.00625";s:5:"title";s:0:"";s:11:"orientation";s:1:"1";s:8:"keywords";a:0:{}}}]]></wp:meta_value>
		</wp:postmeta>
		<wp:postmeta>
			<wp:meta_key><![CDATA[_wp_attachment_image_alt]]></wp:meta_key>
			<wp:meta_value><![CDATA[betube thumbnail]]></wp:meta_value>
		</wp:postmeta>
	</item>
	<item>
		<title>betube thumb</title>
		<link>http://demo.beetube.me/2016/05/27/qui-dolorem-ipsum-quia-dolor-sit-amet/attachment/22/</link>
		<pubDate>Fri, 27 May 2016 12:08:45 +0000</pubDate>
		<dc:creator><![CDATA[admin]]></dc:creator>
		<guid isPermaLink="false">http://demo.beetube.me/wp-content/uploads/2016/05/22.jpg</guid>
		<description></description>
		<content:encoded><![CDATA[]]></content:encoded>
		<excerpt:encoded><![CDATA[]]></excerpt:encoded>
		<wp:post_id>114</wp:post_id>
		<wp:post_date><![CDATA[2016-05-27 12:08:45]]></wp:post_date>
		<wp:post_date_gmt><![CDATA[2016-05-27 12:08:45]]></wp:post_date_gmt>
		<wp:comment_status><![CDATA[open]]></wp:comment_status>
		<wp:ping_status><![CDATA[closed]]></wp:ping_status>
		<wp:post_name><![CDATA[22]]></wp:post_name>
		<wp:status><![CDATA[inherit]]></wp:status>
		<wp:post_parent>113</wp:post_parent>
		<wp:menu_order>0</wp:menu_order>
		<wp:post_type><![CDATA[attachment]]></wp:post_type>
		<wp:post_password><![CDATA[]]></wp:post_password>
		<wp:is_sticky>0</wp:is_sticky>
		<wp:attachment_url><![CDATA[http://demo.beetube.me/wp-content/uploads/2016/05/22.jpg]]></wp:attachment_url>
		<wp:postmeta>
			<wp:meta_key><![CDATA[_wp_attachment_metadata]]></wp:meta_key>
			<wp:meta_value><![CDATA[a:5:{s:5:"width";i:750;s:6:"height";i:500;s:4:"file";s:14:"2016/05/22.jpg";s:5:"sizes";a:4:{s:9:"thumbnail";a:4:{s:4:"file";s:14:"22-150x150.jpg";s:5:"width";i:150;s:6:"height";i:150;s:9:"mime-type";s:10:"image/jpeg";}s:6:"medium";a:4:{s:4:"file";s:14:"22-300x200.jpg";s:5:"width";i:300;s:6:"height";i:200;s:9:"mime-type";s:10:"image/jpeg";}s:15:"beetube-fslider";a:4:{s:4:"file";s:14:"22-400x300.jpg";s:5:"width";i:400;s:6:"height";i:300;s:9:"mime-type";s:10:"image/jpeg";}s:14:"beetube-movies";a:4:{s:4:"file";s:14:"22-185x123.jpg";s:5:"width";i:185;s:6:"height";i:123;s:9:"mime-type";s:10:"image/jpeg";}}s:10:"image_meta";a:12:{s:8:"aperture";s:1:"0";s:6:"credit";s:0:"";s:6:"camera";s:0:"";s:7:"caption";s:0:"";s:17:"created_timestamp";s:1:"0";s:9:"copyright";s:0:"";s:12:"focal_length";s:1:"0";s:3:"iso";s:1:"0";s:13:"shutter_speed";s:1:"0";s:5:"title";s:0:"";s:11:"orientation";s:1:"1";s:8:"keywords";a:0:{}}}]]></wp:meta_value>
		</wp:postmeta>
		<wp:postmeta>
			<wp:meta_key><![CDATA[_wp_attachment_image_alt]]></wp:meta_key>
			<wp:meta_value><![CDATA[betube thumb]]></wp:meta_value>
		</wp:postmeta>
		<wp:postmeta>
			<wp:meta_key><![CDATA[_wp_attached_file]]></wp:meta_key>
			<wp:meta_value><![CDATA[2016/05/22.jpg]]></wp:meta_value>
		</wp:postmeta>
	</item>
	<item>
		<title>Young woman on bike</title>
		<link>http://demo.beetube.me/2016/05/27/lorem-ipsum-dolor-sit-amet-2/young-woman-on-bike-httpbarnimages-com/</link>
		<pubDate>Fri, 27 May 2016 12:14:10 +0000</pubDate>
		<dc:creator><![CDATA[admin]]></dc:creator>
		<guid isPermaLink="false">http://demo.beetube.me/wp-content/uploads/2016/05/18.jpg</guid>
		<description></description>
		<content:encoded><![CDATA[]]></content:encoded>
		<excerpt:encoded><![CDATA[Young woman on bike]]></excerpt:encoded>
		<wp:post_id>117</wp:post_id>
		<wp:post_date><![CDATA[2016-05-27 12:14:10]]></wp:post_date>
		<wp:post_date_gmt><![CDATA[2016-05-27 12:14:10]]></wp:post_date_gmt>
		<wp:comment_status><![CDATA[open]]></wp:comment_status>
		<wp:ping_status><![CDATA[closed]]></wp:ping_status>
		<wp:post_name><![CDATA[young-woman-on-bike-httpbarnimages-com]]></wp:post_name>
		<wp:status><![CDATA[inherit]]></wp:status>
		<wp:post_parent>116</wp:post_parent>
		<wp:menu_order>0</wp:menu_order>
		<wp:post_type><![CDATA[attachment]]></wp:post_type>
		<wp:post_password><![CDATA[]]></wp:post_password>
		<wp:is_sticky>0</wp:is_sticky>
		<wp:attachment_url><![CDATA[http://demo.beetube.me/wp-content/uploads/2016/05/18.jpg]]></wp:attachment_url>
		<wp:postmeta>
			<wp:meta_key><![CDATA[_wp_attached_file]]></wp:meta_key>
			<wp:meta_value><![CDATA[2016/05/18.jpg]]></wp:meta_value>
		</wp:postmeta>
		<wp:postmeta>
			<wp:meta_key><![CDATA[_wp_attachment_metadata]]></wp:meta_key>
			<wp:meta_value><![CDATA[a:5:{s:5:"width";i:750;s:6:"height";i:500;s:4:"file";s:14:"2016/05/18.jpg";s:5:"sizes";a:4:{s:9:"thumbnail";a:4:{s:4:"file";s:14:"18-150x150.jpg";s:5:"width";i:150;s:6:"height";i:150;s:9:"mime-type";s:10:"image/jpeg";}s:6:"medium";a:4:{s:4:"file";s:14:"18-300x200.jpg";s:5:"width";i:300;s:6:"height";i:200;s:9:"mime-type";s:10:"image/jpeg";}s:15:"beetube-fslider";a:4:{s:4:"file";s:14:"18-400x300.jpg";s:5:"width";i:400;s:6:"height";i:300;s:9:"mime-type";s:10:"image/jpeg";}s:14:"beetube-movies";a:4:{s:4:"file";s:14:"18-185x123.jpg";s:5:"width";i:185;s:6:"height";i:123;s:9:"mime-type";s:10:"image/jpeg";}}s:10:"image_meta";a:12:{s:8:"aperture";s:1:"0";s:6:"credit";s:0:"";s:6:"camera";s:0:"";s:7:"caption";s:42:"Young woman on bike http://barnimages.com/";s:17:"created_timestamp";s:1:"0";s:9:"copyright";s:3:"CC0";s:12:"focal_length";s:1:"0";s:3:"iso";s:1:"0";s:13:"shutter_speed";s:1:"0";s:5:"title";s:42:"Young woman on bike http://barnimages.com/";s:11:"orientation";s:1:"1";s:8:"keywords";a:40:{i:0;s:6:"Biking";i:1;s:7:"Cycling";i:2;s:12:"Fitness girl";i:3;s:7:"Holiday";i:4;s:5:"Short";i:5;s:8:"Vacation";i:6;s:6:"active";i:7;s:7:"bicycle";i:8;s:4:"bike";i:9;s:5:"bikes";i:10;s:6:"female";i:11;s:5:"field";i:12;s:7:"fitness";i:13;s:6:"forest";i:14;s:4:"girl";i:15;s:5:"grass";i:16;s:5:"green";i:17;s:6:"health";i:18;s:4:"lady";i:19;s:4:"look";i:20;s:7:"looking";i:21;s:6:"nature";i:22;s:4:"park";i:23;s:6:"person";i:24;s:5:"relax";i:25;s:7:"resting";i:26;s:4:"ride";i:27;s:4:"road";i:28;s:5:"smile";i:29;s:5:"sport";i:30;s:5:"stand";i:31;s:6:"summer";i:32;s:5:"sunny";i:33;s:6:"travel";i:34;s:5:"trees";i:35;s:4:"trip";i:36;s:4:"view";i:37;s:4:"wait";i:38;s:5:"woman";i:39;s:5:"young";}}}]]></wp:meta_value>
		</wp:postmeta>
		<wp:postmeta>
			<wp:meta_key><![CDATA[_wp_attachment_image_alt]]></wp:meta_key>
			<wp:meta_value><![CDATA[Young woman on bike]]></wp:meta_value>
		</wp:postmeta>
	</item>
	<item>
		<title>betube thumb</title>
		<link>http://demo.beetube.me/2016/05/27/etiam-eu-purus-ante-sed-at-ex-turpis/attachment/23/</link>
		<pubDate>Fri, 27 May 2016 12:21:07 +0000</pubDate>
		<dc:creator><![CDATA[admin]]></dc:creator>
		<guid isPermaLink="false">http://demo.beetube.me/wp-content/uploads/2016/05/23.jpg</guid>
		<description></description>
		<content:encoded><![CDATA[]]></content:encoded>
		<excerpt:encoded><![CDATA[]]></excerpt:encoded>
		<wp:post_id>120</wp:post_id>
		<wp:post_date><![CDATA[2016-05-27 12:21:07]]></wp:post_date>
		<wp:post_date_gmt><![CDATA[2016-05-27 12:21:07]]></wp:post_date_gmt>
		<wp:comment_status><![CDATA[open]]></wp:comment_status>
		<wp:ping_status><![CDATA[closed]]></wp:ping_status>
		<wp:post_name><![CDATA[23]]></wp:post_name>
		<wp:status><![CDATA[inherit]]></wp:status>
		<wp:post_parent>119</wp:post_parent>
		<wp:menu_order>0</wp:menu_order>
		<wp:post_type><![CDATA[attachment]]></wp:post_type>
		<wp:post_password><![CDATA[]]></wp:post_password>
		<wp:is_sticky>0</wp:is_sticky>
		<wp:attachment_url><![CDATA[http://demo.beetube.me/wp-content/uploads/2016/05/23.jpg]]></wp:attachment_url>
		<wp:postmeta>
			<wp:meta_key><![CDATA[_wp_attached_file]]></wp:meta_key>
			<wp:meta_value><![CDATA[2016/05/23.jpg]]></wp:meta_value>
		</wp:postmeta>
		<wp:postmeta>
			<wp:meta_key><![CDATA[_wp_attachment_metadata]]></wp:meta_key>
			<wp:meta_value><![CDATA[a:5:{s:5:"width";i:750;s:6:"height";i:500;s:4:"file";s:14:"2016/05/23.jpg";s:5:"sizes";a:4:{s:9:"thumbnail";a:4:{s:4:"file";s:14:"23-150x150.jpg";s:5:"width";i:150;s:6:"height";i:150;s:9:"mime-type";s:10:"image/jpeg";}s:6:"medium";a:4:{s:4:"file";s:14:"23-300x200.jpg";s:5:"width";i:300;s:6:"height";i:200;s:9:"mime-type";s:10:"image/jpeg";}s:15:"beetube-fslider";a:4:{s:4:"file";s:14:"23-400x300.jpg";s:5:"width";i:400;s:6:"height";i:300;s:9:"mime-type";s:10:"image/jpeg";}s:14:"beetube-movies";a:4:{s:4:"file";s:14:"23-185x123.jpg";s:5:"width";i:185;s:6:"height";i:123;s:9:"mime-type";s:10:"image/jpeg";}}s:10:"image_meta";a:12:{s:8:"aperture";s:1:"0";s:6:"credit";s:0:"";s:6:"camera";s:0:"";s:7:"caption";s:0:"";s:17:"created_timestamp";s:1:"0";s:9:"copyright";s:0:"";s:12:"focal_length";s:1:"0";s:3:"iso";s:1:"0";s:13:"shutter_speed";s:1:"0";s:5:"title";s:0:"";s:11:"orientation";s:1:"1";s:8:"keywords";a:0:{}}}]]></wp:meta_value>
		</wp:postmeta>
		<wp:postmeta>
			<wp:meta_key><![CDATA[_wp_attachment_image_alt]]></wp:meta_key>
			<wp:meta_value><![CDATA[betube thumb]]></wp:meta_value>
		</wp:postmeta>
	</item>
	<item>
		<title>betube thumb</title>
		<link>http://demo.beetube.me/2016/05/27/neque-porro-quisquam-est/attachment/06/</link>
		<pubDate>Fri, 27 May 2016 12:28:06 +0000</pubDate>
		<dc:creator><![CDATA[admin]]></dc:creator>
		<guid isPermaLink="false">http://demo.beetube.me/wp-content/uploads/2016/05/06.jpg</guid>
		<description></description>
		<content:encoded><![CDATA[]]></content:encoded>
		<excerpt:encoded><![CDATA[]]></excerpt:encoded>
		<wp:post_id>125</wp:post_id>
		<wp:post_date><![CDATA[2016-05-27 12:28:06]]></wp:post_date>
		<wp:post_date_gmt><![CDATA[2016-05-27 12:28:06]]></wp:post_date_gmt>
		<wp:comment_status><![CDATA[open]]></wp:comment_status>
		<wp:ping_status><![CDATA[closed]]></wp:ping_status>
		<wp:post_name><![CDATA[06]]></wp:post_name>
		<wp:status><![CDATA[inherit]]></wp:status>
		<wp:post_parent>124</wp:post_parent>
		<wp:menu_order>0</wp:menu_order>
		<wp:post_type><![CDATA[attachment]]></wp:post_type>
		<wp:post_password><![CDATA[]]></wp:post_password>
		<wp:is_sticky>0</wp:is_sticky>
		<wp:attachment_url><![CDATA[http://demo.beetube.me/wp-content/uploads/2016/05/06.jpg]]></wp:attachment_url>
		<wp:postmeta>
			<wp:meta_key><![CDATA[_wp_attached_file]]></wp:meta_key>
			<wp:meta_value><![CDATA[2016/05/06.jpg]]></wp:meta_value>
		</wp:postmeta>
		<wp:postmeta>
			<wp:meta_key><![CDATA[_wp_attachment_metadata]]></wp:meta_key>
			<wp:meta_value><![CDATA[a:5:{s:5:"width";i:750;s:6:"height";i:500;s:4:"file";s:14:"2016/05/06.jpg";s:5:"sizes";a:4:{s:9:"thumbnail";a:4:{s:4:"file";s:14:"06-150x150.jpg";s:5:"width";i:150;s:6:"height";i:150;s:9:"mime-type";s:10:"image/jpeg";}s:6:"medium";a:4:{s:4:"file";s:14:"06-300x200.jpg";s:5:"width";i:300;s:6:"height";i:200;s:9:"mime-type";s:10:"image/jpeg";}s:15:"beetube-fslider";a:4:{s:4:"file";s:14:"06-400x300.jpg";s:5:"width";i:400;s:6:"height";i:300;s:9:"mime-type";s:10:"image/jpeg";}s:14:"beetube-movies";a:4:{s:4:"file";s:14:"06-185x123.jpg";s:5:"width";i:185;s:6:"height";i:123;s:9:"mime-type";s:10:"image/jpeg";}}s:10:"image_meta";a:12:{s:8:"aperture";s:1:"0";s:6:"credit";s:0:"";s:6:"camera";s:0:"";s:7:"caption";s:0:"";s:17:"created_timestamp";s:1:"0";s:9:"copyright";s:0:"";s:12:"focal_length";s:1:"0";s:3:"iso";s:1:"0";s:13:"shutter_speed";s:1:"0";s:5:"title";s:0:"";s:11:"orientation";s:1:"1";s:8:"keywords";a:0:{}}}]]></wp:meta_value>
		</wp:postmeta>
		<wp:postmeta>
			<wp:meta_key><![CDATA[_wp_attachment_image_alt]]></wp:meta_key>
			<wp:meta_value><![CDATA[betube thumb]]></wp:meta_value>
		</wp:postmeta>
	</item>
	<item>
		<title>betube thumb</title>
		<link>http://demo.beetube.me/2016/05/27/suspendisse-fermentum-condimentum-nisi/04-2/</link>
		<pubDate>Fri, 27 May 2016 12:42:20 +0000</pubDate>
		<dc:creator><![CDATA[admin]]></dc:creator>
		<guid isPermaLink="false">http://demo.beetube.me/wp-content/uploads/2016/05/04-1.jpg</guid>
		<description></description>
		<content:encoded><![CDATA[]]></content:encoded>
		<excerpt:encoded><![CDATA[]]></excerpt:encoded>
		<wp:post_id>128</wp:post_id>
		<wp:post_date><![CDATA[2016-05-27 12:42:20]]></wp:post_date>
		<wp:post_date_gmt><![CDATA[2016-05-27 12:42:20]]></wp:post_date_gmt>
		<wp:comment_status><![CDATA[open]]></wp:comment_status>
		<wp:ping_status><![CDATA[closed]]></wp:ping_status>
		<wp:post_name><![CDATA[04-2]]></wp:post_name>
		<wp:status><![CDATA[inherit]]></wp:status>
		<wp:post_parent>127</wp:post_parent>
		<wp:menu_order>0</wp:menu_order>
		<wp:post_type><![CDATA[attachment]]></wp:post_type>
		<wp:post_password><![CDATA[]]></wp:post_password>
		<wp:is_sticky>0</wp:is_sticky>
		<wp:attachment_url><![CDATA[http://demo.beetube.me/wp-content/uploads/2016/05/04-1.jpg]]></wp:attachment_url>
		<wp:postmeta>
			<wp:meta_key><![CDATA[_wp_attached_file]]></wp:meta_key>
			<wp:meta_value><![CDATA[2016/05/04-1.jpg]]></wp:meta_value>
		</wp:postmeta>
		<wp:postmeta>
			<wp:meta_key><![CDATA[_wp_attachment_metadata]]></wp:meta_key>
			<wp:meta_value><![CDATA[a:5:{s:5:"width";i:750;s:6:"height";i:500;s:4:"file";s:16:"2016/05/04-1.jpg";s:5:"sizes";a:4:{s:9:"thumbnail";a:4:{s:4:"file";s:16:"04-1-150x150.jpg";s:5:"width";i:150;s:6:"height";i:150;s:9:"mime-type";s:10:"image/jpeg";}s:6:"medium";a:4:{s:4:"file";s:16:"04-1-300x200.jpg";s:5:"width";i:300;s:6:"height";i:200;s:9:"mime-type";s:10:"image/jpeg";}s:15:"beetube-fslider";a:4:{s:4:"file";s:16:"04-1-400x300.jpg";s:5:"width";i:400;s:6:"height";i:300;s:9:"mime-type";s:10:"image/jpeg";}s:14:"beetube-movies";a:4:{s:4:"file";s:16:"04-1-185x123.jpg";s:5:"width";i:185;s:6:"height";i:123;s:9:"mime-type";s:10:"image/jpeg";}}s:10:"image_meta";a:12:{s:8:"aperture";s:1:"0";s:6:"credit";s:0:"";s:6:"camera";s:0:"";s:7:"caption";s:0:"";s:17:"created_timestamp";s:1:"0";s:9:"copyright";s:0:"";s:12:"focal_length";s:1:"0";s:3:"iso";s:1:"0";s:13:"shutter_speed";s:1:"0";s:5:"title";s:0:"";s:11:"orientation";s:1:"1";s:8:"keywords";a:0:{}}}]]></wp:meta_value>
		</wp:postmeta>
		<wp:postmeta>
			<wp:meta_key><![CDATA[_wp_attachment_image_alt]]></wp:meta_key>
			<wp:meta_value><![CDATA[betube thumb]]></wp:meta_value>
		</wp:postmeta>
	</item>
	<item>
		<title>betube thumb</title>
		<link>http://demo.beetube.me/2016/05/27/etiam-eu-purus-ante-sed-at-ex-turpi/03-3/</link>
		<pubDate>Fri, 27 May 2016 12:45:23 +0000</pubDate>
		<dc:creator><![CDATA[admin]]></dc:creator>
		<guid isPermaLink="false">http://demo.beetube.me/wp-content/uploads/2016/05/03-2.jpg</guid>
		<description></description>
		<content:encoded><![CDATA[]]></content:encoded>
		<excerpt:encoded><![CDATA[]]></excerpt:encoded>
		<wp:post_id>131</wp:post_id>
		<wp:post_date><![CDATA[2016-05-27 12:45:23]]></wp:post_date>
		<wp:post_date_gmt><![CDATA[2016-05-27 12:45:23]]></wp:post_date_gmt>
		<wp:comment_status><![CDATA[open]]></wp:comment_status>
		<wp:ping_status><![CDATA[closed]]></wp:ping_status>
		<wp:post_name><![CDATA[03-3]]></wp:post_name>
		<wp:status><![CDATA[inherit]]></wp:status>
		<wp:post_parent>130</wp:post_parent>
		<wp:menu_order>0</wp:menu_order>
		<wp:post_type><![CDATA[attachment]]></wp:post_type>
		<wp:post_password><![CDATA[]]></wp:post_password>
		<wp:is_sticky>0</wp:is_sticky>
		<wp:attachment_url><![CDATA[http://demo.beetube.me/wp-content/uploads/2016/05/03-2.jpg]]></wp:attachment_url>
		<wp:postmeta>
			<wp:meta_key><![CDATA[_wp_attached_file]]></wp:meta_key>
			<wp:meta_value><![CDATA[2016/05/03-2.jpg]]></wp:meta_value>
		</wp:postmeta>
		<wp:postmeta>
			<wp:meta_key><![CDATA[_wp_attachment_metadata]]></wp:meta_key>
			<wp:meta_value><![CDATA[a:5:{s:5:"width";i:750;s:6:"height";i:500;s:4:"file";s:16:"2016/05/03-2.jpg";s:5:"sizes";a:4:{s:9:"thumbnail";a:4:{s:4:"file";s:16:"03-2-150x150.jpg";s:5:"width";i:150;s:6:"height";i:150;s:9:"mime-type";s:10:"image/jpeg";}s:6:"medium";a:4:{s:4:"file";s:16:"03-2-300x200.jpg";s:5:"width";i:300;s:6:"height";i:200;s:9:"mime-type";s:10:"image/jpeg";}s:15:"beetube-fslider";a:4:{s:4:"file";s:16:"03-2-400x300.jpg";s:5:"width";i:400;s:6:"height";i:300;s:9:"mime-type";s:10:"image/jpeg";}s:14:"beetube-movies";a:4:{s:4:"file";s:16:"03-2-185x123.jpg";s:5:"width";i:185;s:6:"height";i:123;s:9:"mime-type";s:10:"image/jpeg";}}s:10:"image_meta";a:12:{s:8:"aperture";s:1:"0";s:6:"credit";s:0:"";s:6:"camera";s:0:"";s:7:"caption";s:0:"";s:17:"created_timestamp";s:1:"0";s:9:"copyright";s:0:"";s:12:"focal_length";s:1:"0";s:3:"iso";s:1:"0";s:13:"shutter_speed";s:1:"0";s:5:"title";s:0:"";s:11:"orientation";s:1:"1";s:8:"keywords";a:0:{}}}]]></wp:meta_value>
		</wp:postmeta>
		<wp:postmeta>
			<wp:meta_key><![CDATA[_wp_attachment_image_alt]]></wp:meta_key>
			<wp:meta_value><![CDATA[betube thumb]]></wp:meta_value>
		</wp:postmeta>
	</item>
	<item>
		<title>betube-thumb</title>
		<link>http://demo.beetube.me/2016/05/27/vivamus-sed-ultrices-diam/02-2/</link>
		<pubDate>Fri, 27 May 2016 12:51:07 +0000</pubDate>
		<dc:creator><![CDATA[admin]]></dc:creator>
		<guid isPermaLink="false">http://demo.beetube.me/wp-content/uploads/2016/05/02-1.jpg</guid>
		<description></description>
		<content:encoded><![CDATA[]]></content:encoded>
		<excerpt:encoded><![CDATA[]]></excerpt:encoded>
		<wp:post_id>135</wp:post_id>
		<wp:post_date><![CDATA[2016-05-27 12:51:07]]></wp:post_date>
		<wp:post_date_gmt><![CDATA[2016-05-27 12:51:07]]></wp:post_date_gmt>
		<wp:comment_status><![CDATA[open]]></wp:comment_status>
		<wp:ping_status><![CDATA[closed]]></wp:ping_status>
		<wp:post_name><![CDATA[02-2]]></wp:post_name>
		<wp:status><![CDATA[inherit]]></wp:status>
		<wp:post_parent>134</wp:post_parent>
		<wp:menu_order>0</wp:menu_order>
		<wp:post_type><![CDATA[attachment]]></wp:post_type>
		<wp:post_password><![CDATA[]]></wp:post_password>
		<wp:is_sticky>0</wp:is_sticky>
		<wp:attachment_url><![CDATA[http://demo.beetube.me/wp-content/uploads/2016/05/02-1.jpg]]></wp:attachment_url>
		<wp:postmeta>
			<wp:meta_key><![CDATA[_wp_attached_file]]></wp:meta_key>
			<wp:meta_value><![CDATA[2016/05/02-1.jpg]]></wp:meta_value>
		</wp:postmeta>
		<wp:postmeta>
			<wp:meta_key><![CDATA[_wp_attachment_metadata]]></wp:meta_key>
			<wp:meta_value><![CDATA[a:5:{s:5:"width";i:750;s:6:"height";i:500;s:4:"file";s:16:"2016/05/02-1.jpg";s:5:"sizes";a:4:{s:9:"thumbnail";a:4:{s:4:"file";s:16:"02-1-150x150.jpg";s:5:"width";i:150;s:6:"height";i:150;s:9:"mime-type";s:10:"image/jpeg";}s:6:"medium";a:4:{s:4:"file";s:16:"02-1-300x200.jpg";s:5:"width";i:300;s:6:"height";i:200;s:9:"mime-type";s:10:"image/jpeg";}s:15:"beetube-fslider";a:4:{s:4:"file";s:16:"02-1-400x300.jpg";s:5:"width";i:400;s:6:"height";i:300;s:9:"mime-type";s:10:"image/jpeg";}s:14:"beetube-movies";a:4:{s:4:"file";s:16:"02-1-185x123.jpg";s:5:"width";i:185;s:6:"height";i:123;s:9:"mime-type";s:10:"image/jpeg";}}s:10:"image_meta";a:12:{s:8:"aperture";s:1:"0";s:6:"credit";s:0:"";s:6:"camera";s:0:"";s:7:"caption";s:0:"";s:17:"created_timestamp";s:1:"0";s:9:"copyright";s:0:"";s:12:"focal_length";s:1:"0";s:3:"iso";s:1:"0";s:13:"shutter_speed";s:1:"0";s:5:"title";s:0:"";s:11:"orientation";s:1:"1";s:8:"keywords";a:0:{}}}]]></wp:meta_value>
		</wp:postmeta>
		<wp:postmeta>
			<wp:meta_key><![CDATA[_wp_attachment_image_alt]]></wp:meta_key>
			<wp:meta_value><![CDATA[betube-thumb]]></wp:meta_value>
		</wp:postmeta>
	</item>
	<item>
		<title>logo</title>
		<link>http://demo.beetube.me/logo/</link>
		<pubDate>Sat, 28 May 2016 12:33:32 +0000</pubDate>
		<dc:creator><![CDATA[admin]]></dc:creator>
		<guid isPermaLink="false">http://demo.beetube.me/wp-content/uploads/2016/05/logo.png</guid>
		<description></description>
		<content:encoded><![CDATA[]]></content:encoded>
		<excerpt:encoded><![CDATA[]]></excerpt:encoded>
		<wp:post_id>137</wp:post_id>
		<wp:post_date><![CDATA[2016-05-28 12:33:32]]></wp:post_date>
		<wp:post_date_gmt><![CDATA[2016-05-28 12:33:32]]></wp:post_date_gmt>
		<wp:comment_status><![CDATA[open]]></wp:comment_status>
		<wp:ping_status><![CDATA[closed]]></wp:ping_status>
		<wp:post_name><![CDATA[logo]]></wp:post_name>
		<wp:status><![CDATA[inherit]]></wp:status>
		<wp:post_parent>0</wp:post_parent>
		<wp:menu_order>0</wp:menu_order>
		<wp:post_type><![CDATA[attachment]]></wp:post_type>
		<wp:post_password><![CDATA[]]></wp:post_password>
		<wp:is_sticky>0</wp:is_sticky>
		<wp:attachment_url><![CDATA[http://demo.beetube.me/wp-content/uploads/2016/05/logo.png]]></wp:attachment_url>
		<wp:postmeta>
			<wp:meta_key><![CDATA[_wp_attached_file]]></wp:meta_key>
			<wp:meta_value><![CDATA[2016/05/logo.png]]></wp:meta_value>
		</wp:postmeta>
		<wp:postmeta>
			<wp:meta_key><![CDATA[_wp_attachment_metadata]]></wp:meta_key>
			<wp:meta_value><![CDATA[a:5:{s:5:"width";i:164;s:6:"height";i:40;s:4:"file";s:16:"2016/05/logo.png";s:5:"sizes";a:1:{s:9:"thumbnail";a:4:{s:4:"file";s:15:"logo-150x40.png";s:5:"width";i:150;s:6:"height";i:40;s:9:"mime-type";s:9:"image/png";}}s:10:"image_meta";a:12:{s:8:"aperture";s:1:"0";s:6:"credit";s:0:"";s:6:"camera";s:0:"";s:7:"caption";s:0:"";s:17:"created_timestamp";s:1:"0";s:9:"copyright";s:0:"";s:12:"focal_length";s:1:"0";s:3:"iso";s:1:"0";s:13:"shutter_speed";s:1:"0";s:5:"title";s:0:"";s:11:"orientation";s:1:"0";s:8:"keywords";a:0:{}}}]]></wp:meta_value>
		</wp:postmeta>
	</item>
	<item>
		<title>LayerSlider Background</title>
		<link>http://demo.beetube.me/bg/</link>
		<pubDate>Mon, 30 May 2016 08:50:15 +0000</pubDate>
		<dc:creator><![CDATA[admin]]></dc:creator>
		<guid isPermaLink="false">http://demo.beetube.me/wp-content/uploads/2016/05/bg.png</guid>
		<description></description>
		<content:encoded><![CDATA[]]></content:encoded>
		<excerpt:encoded><![CDATA[]]></excerpt:encoded>
		<wp:post_id>151</wp:post_id>
		<wp:post_date><![CDATA[2016-05-30 08:50:15]]></wp:post_date>
		<wp:post_date_gmt><![CDATA[2016-05-30 08:50:15]]></wp:post_date_gmt>
		<wp:comment_status><![CDATA[open]]></wp:comment_status>
		<wp:ping_status><![CDATA[closed]]></wp:ping_status>
		<wp:post_name><![CDATA[bg]]></wp:post_name>
		<wp:status><![CDATA[inherit]]></wp:status>
		<wp:post_parent>0</wp:post_parent>
		<wp:menu_order>0</wp:menu_order>
		<wp:post_type><![CDATA[attachment]]></wp:post_type>
		<wp:post_password><![CDATA[]]></wp:post_password>
		<wp:is_sticky>0</wp:is_sticky>
		<wp:attachment_url><![CDATA[http://demo.beetube.me/wp-content/uploads/2016/05/bg.png]]></wp:attachment_url>
		<wp:postmeta>
			<wp:meta_key><![CDATA[_wp_attachment_metadata]]></wp:meta_key>
			<wp:meta_value><![CDATA[a:5:{s:5:"width";i:1600;s:6:"height";i:500;s:4:"file";s:14:"2016/05/bg.png";s:5:"sizes";a:7:{s:9:"thumbnail";a:4:{s:4:"file";s:14:"bg-150x150.png";s:5:"width";i:150;s:6:"height";i:150;s:9:"mime-type";s:9:"image/png";}s:6:"medium";a:4:{s:4:"file";s:13:"bg-300x94.png";s:5:"width";i:300;s:6:"height";i:94;s:9:"mime-type";s:9:"image/png";}s:12:"medium_large";a:4:{s:4:"file";s:14:"bg-768x240.png";s:5:"width";i:768;s:6:"height";i:240;s:9:"mime-type";s:9:"image/png";}s:5:"large";a:4:{s:4:"file";s:15:"bg-1024x320.png";s:5:"width";i:1024;s:6:"height";i:320;s:9:"mime-type";s:9:"image/png";}s:14:"post-thumbnail";a:4:{s:4:"file";s:14:"bg-750x500.png";s:5:"width";i:750;s:6:"height";i:500;s:9:"mime-type";s:9:"image/png";}s:15:"beetube-fslider";a:4:{s:4:"file";s:14:"bg-400x300.png";s:5:"width";i:400;s:6:"height";i:300;s:9:"mime-type";s:9:"image/png";}s:14:"beetube-movies";a:4:{s:4:"file";s:13:"bg-185x58.png";s:5:"width";i:185;s:6:"height";i:58;s:9:"mime-type";s:9:"image/png";}}s:10:"image_meta";a:12:{s:8:"aperture";s:1:"0";s:6:"credit";s:0:"";s:6:"camera";s:0:"";s:7:"caption";s:0:"";s:17:"created_timestamp";s:1:"0";s:9:"copyright";s:0:"";s:12:"focal_length";s:1:"0";s:3:"iso";s:1:"0";s:13:"shutter_speed";s:1:"0";s:5:"title";s:0:"";s:11:"orientation";s:1:"0";s:8:"keywords";a:0:{}}}]]></wp:meta_value>
		</wp:postmeta>
		<wp:postmeta>
			<wp:meta_key><![CDATA[_wp_attached_file]]></wp:meta_key>
			<wp:meta_value><![CDATA[2016/05/bg.png]]></wp:meta_value>
		</wp:postmeta>
		<wp:postmeta>
			<wp:meta_key><![CDATA[_wp_attachment_image_alt]]></wp:meta_key>
			<wp:meta_value><![CDATA[LayerSlider Background]]></wp:meta_value>
		</wp:postmeta>
	</item>
	<item>
		<title>layer1</title>
		<link>http://demo.beetube.me/layer1/</link>
		<pubDate>Mon, 30 May 2016 08:55:00 +0000</pubDate>
		<dc:creator><![CDATA[admin]]></dc:creator>
		<guid isPermaLink="false">http://demo.beetube.me/wp-content/uploads/2016/05/layer1.png</guid>
		<description></description>
		<content:encoded><![CDATA[]]></content:encoded>
		<excerpt:encoded><![CDATA[]]></excerpt:encoded>
		<wp:post_id>152</wp:post_id>
		<wp:post_date><![CDATA[2016-05-30 08:55:00]]></wp:post_date>
		<wp:post_date_gmt><![CDATA[2016-05-30 08:55:00]]></wp:post_date_gmt>
		<wp:comment_status><![CDATA[open]]></wp:comment_status>
		<wp:ping_status><![CDATA[closed]]></wp:ping_status>
		<wp:post_name><![CDATA[layer1]]></wp:post_name>
		<wp:status><![CDATA[inherit]]></wp:status>
		<wp:post_parent>0</wp:post_parent>
		<wp:menu_order>0</wp:menu_order>
		<wp:post_type><![CDATA[attachment]]></wp:post_type>
		<wp:post_password><![CDATA[]]></wp:post_password>
		<wp:is_sticky>0</wp:is_sticky>
		<wp:attachment_url><![CDATA[http://demo.beetube.me/wp-content/uploads/2016/05/layer1.png]]></wp:attachment_url>
		<wp:postmeta>
			<wp:meta_key><![CDATA[_wp_attached_file]]></wp:meta_key>
			<wp:meta_value><![CDATA[2016/05/layer1.png]]></wp:meta_value>
		</wp:postmeta>
		<wp:postmeta>
			<wp:meta_key><![CDATA[_wp_attachment_metadata]]></wp:meta_key>
			<wp:meta_value><![CDATA[a:5:{s:5:"width";i:545;s:6:"height";i:393;s:4:"file";s:18:"2016/05/layer1.png";s:5:"sizes";a:4:{s:9:"thumbnail";a:4:{s:4:"file";s:18:"layer1-150x150.png";s:5:"width";i:150;s:6:"height";i:150;s:9:"mime-type";s:9:"image/png";}s:6:"medium";a:4:{s:4:"file";s:18:"layer1-300x216.png";s:5:"width";i:300;s:6:"height";i:216;s:9:"mime-type";s:9:"image/png";}s:15:"beetube-fslider";a:4:{s:4:"file";s:18:"layer1-400x300.png";s:5:"width";i:400;s:6:"height";i:300;s:9:"mime-type";s:9:"image/png";}s:14:"beetube-movies";a:4:{s:4:"file";s:18:"layer1-185x133.png";s:5:"width";i:185;s:6:"height";i:133;s:9:"mime-type";s:9:"image/png";}}s:10:"image_meta";a:12:{s:8:"aperture";s:1:"0";s:6:"credit";s:0:"";s:6:"camera";s:0:"";s:7:"caption";s:0:"";s:17:"created_timestamp";s:1:"0";s:9:"copyright";s:0:"";s:12:"focal_length";s:1:"0";s:3:"iso";s:1:"0";s:13:"shutter_speed";s:1:"0";s:5:"title";s:0:"";s:11:"orientation";s:1:"0";s:8:"keywords";a:0:{}}}]]></wp:meta_value>
		</wp:postmeta>
		<wp:postmeta>
			<wp:meta_key><![CDATA[_wp_attachment_image_alt]]></wp:meta_key>
			<wp:meta_value><![CDATA[layer1]]></wp:meta_value>
		</wp:postmeta>
	</item>
	<item>
		<title>LayerSlider background</title>
		<link>http://demo.beetube.me/bg2/</link>
		<pubDate>Mon, 30 May 2016 09:29:48 +0000</pubDate>
		<dc:creator><![CDATA[admin]]></dc:creator>
		<guid isPermaLink="false">http://demo.beetube.me/wp-content/uploads/2016/05/bg2.png</guid>
		<description></description>
		<content:encoded><![CDATA[]]></content:encoded>
		<excerpt:encoded><![CDATA[]]></excerpt:encoded>
		<wp:post_id>153</wp:post_id>
		<wp:post_date><![CDATA[2016-05-30 09:29:48]]></wp:post_date>
		<wp:post_date_gmt><![CDATA[2016-05-30 09:29:48]]></wp:post_date_gmt>
		<wp:comment_status><![CDATA[open]]></wp:comment_status>
		<wp:ping_status><![CDATA[closed]]></wp:ping_status>
		<wp:post_name><![CDATA[bg2]]></wp:post_name>
		<wp:status><![CDATA[inherit]]></wp:status>
		<wp:post_parent>0</wp:post_parent>
		<wp:menu_order>0</wp:menu_order>
		<wp:post_type><![CDATA[attachment]]></wp:post_type>
		<wp:post_password><![CDATA[]]></wp:post_password>
		<wp:is_sticky>0</wp:is_sticky>
		<wp:attachment_url><![CDATA[http://demo.beetube.me/wp-content/uploads/2016/05/bg2.png]]></wp:attachment_url>
		<wp:postmeta>
			<wp:meta_key><![CDATA[_wp_attached_file]]></wp:meta_key>
			<wp:meta_value><![CDATA[2016/05/bg2.png]]></wp:meta_value>
		</wp:postmeta>
		<wp:postmeta>
			<wp:meta_key><![CDATA[_wp_attachment_metadata]]></wp:meta_key>
			<wp:meta_value><![CDATA[a:5:{s:5:"width";i:1600;s:6:"height";i:500;s:4:"file";s:15:"2016/05/bg2.png";s:5:"sizes";a:7:{s:9:"thumbnail";a:4:{s:4:"file";s:15:"bg2-150x150.png";s:5:"width";i:150;s:6:"height";i:150;s:9:"mime-type";s:9:"image/png";}s:6:"medium";a:4:{s:4:"file";s:14:"bg2-300x94.png";s:5:"width";i:300;s:6:"height";i:94;s:9:"mime-type";s:9:"image/png";}s:12:"medium_large";a:4:{s:4:"file";s:15:"bg2-768x240.png";s:5:"width";i:768;s:6:"height";i:240;s:9:"mime-type";s:9:"image/png";}s:5:"large";a:4:{s:4:"file";s:16:"bg2-1024x320.png";s:5:"width";i:1024;s:6:"height";i:320;s:9:"mime-type";s:9:"image/png";}s:14:"post-thumbnail";a:4:{s:4:"file";s:15:"bg2-750x500.png";s:5:"width";i:750;s:6:"height";i:500;s:9:"mime-type";s:9:"image/png";}s:15:"beetube-fslider";a:4:{s:4:"file";s:15:"bg2-400x300.png";s:5:"width";i:400;s:6:"height";i:300;s:9:"mime-type";s:9:"image/png";}s:14:"beetube-movies";a:4:{s:4:"file";s:14:"bg2-185x58.png";s:5:"width";i:185;s:6:"height";i:58;s:9:"mime-type";s:9:"image/png";}}s:10:"image_meta";a:12:{s:8:"aperture";s:1:"0";s:6:"credit";s:0:"";s:6:"camera";s:0:"";s:7:"caption";s:0:"";s:17:"created_timestamp";s:1:"0";s:9:"copyright";s:0:"";s:12:"focal_length";s:1:"0";s:3:"iso";s:1:"0";s:13:"shutter_speed";s:1:"0";s:5:"title";s:0:"";s:11:"orientation";s:1:"0";s:8:"keywords";a:0:{}}}]]></wp:meta_value>
		</wp:postmeta>
		<wp:postmeta>
			<wp:meta_key><![CDATA[_wp_attachment_image_alt]]></wp:meta_key>
			<wp:meta_value><![CDATA[LayerSlider background]]></wp:meta_value>
		</wp:postmeta>
	</item>
	<item>
		<title>04</title>
		<link>http://demo.beetube.me/04-3/</link>
		<pubDate>Mon, 30 May 2016 12:25:19 +0000</pubDate>
		<dc:creator><![CDATA[demo]]></dc:creator>
		<guid isPermaLink="false">http://demo.beetube.me/wp-content/uploads/2016/05/04-2.jpg</guid>
		<description></description>
		<content:encoded><![CDATA[]]></content:encoded>
		<excerpt:encoded><![CDATA[]]></excerpt:encoded>
		<wp:post_id>154</wp:post_id>
		<wp:post_date><![CDATA[2016-05-30 12:25:19]]></wp:post_date>
		<wp:post_date_gmt><![CDATA[2016-05-30 12:25:19]]></wp:post_date_gmt>
		<wp:comment_status><![CDATA[open]]></wp:comment_status>
		<wp:ping_status><![CDATA[closed]]></wp:ping_status>
		<wp:post_name><![CDATA[04-3]]></wp:post_name>
		<wp:status><![CDATA[inherit]]></wp:status>
		<wp:post_parent>0</wp:post_parent>
		<wp:menu_order>0</wp:menu_order>
		<wp:post_type><![CDATA[attachment]]></wp:post_type>
		<wp:post_password><![CDATA[]]></wp:post_password>
		<wp:is_sticky>0</wp:is_sticky>
		<wp:attachment_url><![CDATA[http://demo.beetube.me/wp-content/uploads/2016/05/04-2.jpg]]></wp:attachment_url>
		<wp:postmeta>
			<wp:meta_key><![CDATA[_wp_attached_file]]></wp:meta_key>
			<wp:meta_value><![CDATA[2016/05/04-2.jpg]]></wp:meta_value>
		</wp:postmeta>
		<wp:postmeta>
			<wp:meta_key><![CDATA[_wp_attachment_metadata]]></wp:meta_key>
			<wp:meta_value><![CDATA[a:5:{s:5:"width";i:140;s:6:"height";i:130;s:4:"file";s:16:"2016/05/04-2.jpg";s:5:"sizes";a:0:{}s:10:"image_meta";a:12:{s:8:"aperture";s:1:"0";s:6:"credit";s:0:"";s:6:"camera";s:0:"";s:7:"caption";s:0:"";s:17:"created_timestamp";s:1:"0";s:9:"copyright";s:0:"";s:12:"focal_length";s:1:"0";s:3:"iso";s:1:"0";s:13:"shutter_speed";s:1:"0";s:5:"title";s:0:"";s:11:"orientation";s:1:"1";s:8:"keywords";a:0:{}}}]]></wp:meta_value>
		</wp:postmeta>
	</item>
	<item>
		<title>15</title>
		<link>http://demo.beetube.me/15/</link>
		<pubDate>Mon, 30 May 2016 12:26:14 +0000</pubDate>
		<dc:creator><![CDATA[demo]]></dc:creator>
		<guid isPermaLink="false">http://demo.beetube.me/wp-content/uploads/2016/05/15.jpg</guid>
		<description></description>
		<content:encoded><![CDATA[]]></content:encoded>
		<excerpt:encoded><![CDATA[]]></excerpt:encoded>
		<wp:post_id>155</wp:post_id>
		<wp:post_date><![CDATA[2016-05-30 12:26:14]]></wp:post_date>
		<wp:post_date_gmt><![CDATA[2016-05-30 12:26:14]]></wp:post_date_gmt>
		<wp:comment_status><![CDATA[open]]></wp:comment_status>
		<wp:ping_status><![CDATA[closed]]></wp:ping_status>
		<wp:post_name><![CDATA[15]]></wp:post_name>
		<wp:status><![CDATA[inherit]]></wp:status>
		<wp:post_parent>0</wp:post_parent>
		<wp:menu_order>0</wp:menu_order>
		<wp:post_type><![CDATA[attachment]]></wp:post_type>
		<wp:post_password><![CDATA[]]></wp:post_password>
		<wp:is_sticky>0</wp:is_sticky>
		<wp:attachment_url><![CDATA[http://demo.beetube.me/wp-content/uploads/2016/05/15.jpg]]></wp:attachment_url>
		<wp:postmeta>
			<wp:meta_key><![CDATA[_wp_attached_file]]></wp:meta_key>
			<wp:meta_value><![CDATA[2016/05/15.jpg]]></wp:meta_value>
		</wp:postmeta>
		<wp:postmeta>
			<wp:meta_key><![CDATA[_wp_attachment_metadata]]></wp:meta_key>
			<wp:meta_value><![CDATA[a:5:{s:5:"width";i:750;s:6:"height";i:500;s:4:"file";s:14:"2016/05/15.jpg";s:5:"sizes";a:4:{s:9:"thumbnail";a:4:{s:4:"file";s:14:"15-150x150.jpg";s:5:"width";i:150;s:6:"height";i:150;s:9:"mime-type";s:10:"image/jpeg";}s:6:"medium";a:4:{s:4:"file";s:14:"15-300x200.jpg";s:5:"width";i:300;s:6:"height";i:200;s:9:"mime-type";s:10:"image/jpeg";}s:15:"beetube-fslider";a:4:{s:4:"file";s:14:"15-400x300.jpg";s:5:"width";i:400;s:6:"height";i:300;s:9:"mime-type";s:10:"image/jpeg";}s:14:"beetube-movies";a:4:{s:4:"file";s:14:"15-185x123.jpg";s:5:"width";i:185;s:6:"height";i:123;s:9:"mime-type";s:10:"image/jpeg";}}s:10:"image_meta";a:12:{s:8:"aperture";s:1:"0";s:6:"credit";s:0:"";s:6:"camera";s:0:"";s:7:"caption";s:0:"";s:17:"created_timestamp";s:1:"0";s:9:"copyright";s:0:"";s:12:"focal_length";s:1:"0";s:3:"iso";s:1:"0";s:13:"shutter_speed";s:1:"0";s:5:"title";s:0:"";s:11:"orientation";s:1:"1";s:8:"keywords";a:0:{}}}]]></wp:meta_value>
		</wp:postmeta>
	</item>
	<item>
		<title>profile-bg1</title>
		<link>http://demo.beetube.me/profile-bg1-2/</link>
		<pubDate>Mon, 30 May 2016 12:27:21 +0000</pubDate>
		<dc:creator><![CDATA[demo]]></dc:creator>
		<guid isPermaLink="false">http://demo.beetube.me/wp-content/uploads/2016/05/profile-bg1-1.png</guid>
		<description></description>
		<content:encoded><![CDATA[]]></content:encoded>
		<excerpt:encoded><![CDATA[]]></excerpt:encoded>
		<wp:post_id>156</wp:post_id>
		<wp:post_date><![CDATA[2016-05-30 12:27:21]]></wp:post_date>
		<wp:post_date_gmt><![CDATA[2016-05-30 12:27:21]]></wp:post_date_gmt>
		<wp:comment_status><![CDATA[open]]></wp:comment_status>
		<wp:ping_status><![CDATA[closed]]></wp:ping_status>
		<wp:post_name><![CDATA[profile-bg1-2]]></wp:post_name>
		<wp:status><![CDATA[inherit]]></wp:status>
		<wp:post_parent>0</wp:post_parent>
		<wp:menu_order>0</wp:menu_order>
		<wp:post_type><![CDATA[attachment]]></wp:post_type>
		<wp:post_password><![CDATA[]]></wp:post_password>
		<wp:is_sticky>0</wp:is_sticky>
		<wp:attachment_url><![CDATA[http://demo.beetube.me/wp-content/uploads/2016/05/profile-bg1-1.png]]></wp:attachment_url>
		<wp:postmeta>
			<wp:meta_key><![CDATA[_wp_attached_file]]></wp:meta_key>
			<wp:meta_value><![CDATA[2016/05/profile-bg1-1.png]]></wp:meta_value>
		</wp:postmeta>
		<wp:postmeta>
			<wp:meta_key><![CDATA[_wp_attachment_metadata]]></wp:meta_key>
			<wp:meta_value><![CDATA[a:5:{s:5:"width";i:1600;s:6:"height";i:350;s:4:"file";s:25:"2016/05/profile-bg1-1.png";s:5:"sizes";a:7:{s:9:"thumbnail";a:4:{s:4:"file";s:25:"profile-bg1-1-150x150.png";s:5:"width";i:150;s:6:"height";i:150;s:9:"mime-type";s:9:"image/png";}s:6:"medium";a:4:{s:4:"file";s:24:"profile-bg1-1-300x66.png";s:5:"width";i:300;s:6:"height";i:66;s:9:"mime-type";s:9:"image/png";}s:12:"medium_large";a:4:{s:4:"file";s:25:"profile-bg1-1-768x168.png";s:5:"width";i:768;s:6:"height";i:168;s:9:"mime-type";s:9:"image/png";}s:5:"large";a:4:{s:4:"file";s:26:"profile-bg1-1-1024x224.png";s:5:"width";i:1024;s:6:"height";i:224;s:9:"mime-type";s:9:"image/png";}s:14:"post-thumbnail";a:4:{s:4:"file";s:25:"profile-bg1-1-750x350.png";s:5:"width";i:750;s:6:"height";i:350;s:9:"mime-type";s:9:"image/png";}s:15:"beetube-fslider";a:4:{s:4:"file";s:25:"profile-bg1-1-400x300.png";s:5:"width";i:400;s:6:"height";i:300;s:9:"mime-type";s:9:"image/png";}s:14:"beetube-movies";a:4:{s:4:"file";s:24:"profile-bg1-1-185x40.png";s:5:"width";i:185;s:6:"height";i:40;s:9:"mime-type";s:9:"image/png";}}s:10:"image_meta";a:12:{s:8:"aperture";s:1:"0";s:6:"credit";s:0:"";s:6:"camera";s:0:"";s:7:"caption";s:0:"";s:17:"created_timestamp";s:1:"0";s:9:"copyright";s:0:"";s:12:"focal_length";s:1:"0";s:3:"iso";s:1:"0";s:13:"shutter_speed";s:1:"0";s:5:"title";s:0:"";s:11:"orientation";s:1:"0";s:8:"keywords";a:0:{}}}]]></wp:meta_value>
		</wp:postmeta>
	</item>
</channel>
</rss>
