<?xml version="1.0" encoding="UTF-8" ?>
<!-- This is a WordPress eXtended RSS file generated by WordPress as an export of your site. -->
<!-- It contains information about your site's posts, pages, comments, categories, and other content. -->
<!-- You may use this file to transfer that content from one site to another. -->
<!-- This file is not intended to serve as a complete backup of your site. -->

<!-- To import this information into a WordPress site follow these steps: -->
<!-- 1. Log in to that site as an administrator. -->
<!-- 2. Go to Tools: Import in the WordPress admin panel. -->
<!-- 3. Install the "WordPress" importer from the list. -->
<!-- 4. Activate & Run Importer. -->
<!-- 5. Upload this file using the form provided on that page. -->
<!-- 6. You will first be asked to map the authors in this export file to users -->
<!--    on the site. For each author, you may choose to map to an -->
<!--    existing user on the site or to create a new user. -->
<!-- 7. WordPress will then import each of the posts, pages, comments, categories, etc. -->
<!--    contained in this file into your site. -->

<!-- generator="WordPress/4.5.2" created="2016-05-31 08:08" -->
<rss version="2.0"
	xmlns:excerpt="http://wordpress.org/export/1.2/excerpt/"
	xmlns:content="http://purl.org/rss/1.0/modules/content/"
	xmlns:wfw="http://wellformedweb.org/CommentAPI/"
	xmlns:dc="http://purl.org/dc/elements/1.1/"
	xmlns:wp="http://wordpress.org/export/1.2/"
>

<channel>
	<title>BeTube Video WordPress Theme</title>
	<link>http://demo.beetube.me</link>
	<description></description>
	<pubDate>Tue, 31 May 2016 08:08:36 +0000</pubDate>
	<language>en-US</language>
	<wp:wxr_version>1.2</wp:wxr_version>
	<wp:base_site_url>http://demo.beetube.me</wp:base_site_url>
	<wp:base_blog_url>http://demo.beetube.me</wp:base_blog_url>

	<wp:author><wp:author_id>1</wp:author_id><wp:author_login><![CDATA[admin]]></wp:author_login><wp:author_email><![CDATA[lahoreseo@gmail.com]]></wp:author_email><wp:author_display_name><![CDATA[admin]]></wp:author_display_name><wp:author_first_name><![CDATA[]]></wp:author_first_name><wp:author_last_name><![CDATA[]]></wp:author_last_name></wp:author>


	<generator>https://wordpress.org/?v=4.5.2</generator>

	<item>
		<title>Lorem ipsum dolor sit amet</title>
		<link>http://demo.beetube.me/2016/05/27/lorem-ipsum-dolor-sit-amet/</link>
		<pubDate>Fri, 27 May 2016 11:36:36 +0000</pubDate>
		<dc:creator><![CDATA[admin]]></dc:creator>
		<guid isPermaLink="false">http://demo.beetube.me/?p=105</guid>
		<description></description>
		<content:encoded><![CDATA[<p>Lorem ipsum dolor sit amet, consectetur adipiscing elit. Etiam ornare faucibus dignissim. Pellentesque at auctor tortor. Aliquam nec eleifend neque. Nunc non ligula eu massa venenatis maximus sit amet tincidunt magna. Maecenas vel odio vel diam dictum ornare a a turpis. Donec vulputate nulla justo, ut varius metus mollis ut. Vestibulum vitae orci vitae tortor tristique auctor a vel nisl.</p>
<p>Etiam eu purus ante. Sed at ex turpis. Morbi hendrerit metus et dignissim ullamcorper. Sed sit amet tempus urna. Vestibulum tincidunt nibh eget ultrices sagittis. Proin volutpat mi et est consectetur rutrum. Cras porta tempus orci, vel fermentum elit interdum a. Praesent blandit lorem et dolor porttitor, eget convallis nibh ultrices. Aliquam sed urna dolor. Aenean vel vulputate est. Fusce vestibulum nunc eu enim dignissim, hendrerit efficitur ante imperdiet. Sed egestas blandit tristique. Praesent nec faucibus lorem, vitae euismod leo. Class aptent taciti sociosqu ad litora torquent per conubia nostra, per inceptos himenaeos. Proin ultrices vulputate eleifend. Ut in ante malesuada, ullamcorper eros at, placerat turpis.</p>

<blockquote>
	Neque porro quisquam est, qui dolorem ipsum quia dolor sit amet, consectetur, adipisci velit, sed quia non numquam eius modi tempora incidunt ut labore et dolore magnam aliquam quaerat voluptatem. Ut enim ad minima veniam, quis nostrum exercitationem ullam corporis suscipit laboriosam,
</blockquote>

<p>Ut et cursus arcu. Fusce id mauris in velit vulputate efficitur. Suspendisse fermentum condimentum nisi, in commodo risus vulputate a. Vivamus consequat dui at gravida aliquet. Vivamus sed ultrices diam, at interdum magna. In hac habitasse platea dictumst. Maecenas sit amet lacinia nisi. In hac habitasse platea dictumst. Etiam venenatis ullamcorper quam, quis elementum metus fringilla at. Vestibulum accumsan libero sit amet leo feugiat, vel fermentum orci vulputate. Cras ultricies, lectus eu mattis pharetra, dui augue aliquam dui, blandit molestie quam justo a nunc. </p>]]></content:encoded>
		<excerpt:encoded><![CDATA[]]></excerpt:encoded>
		<wp:post_id>105</wp:post_id>
		<wp:post_date><![CDATA[2016-05-27 11:36:36]]></wp:post_date>
		<wp:post_date_gmt><![CDATA[2016-05-27 11:36:36]]></wp:post_date_gmt>
		<wp:comment_status><![CDATA[open]]></wp:comment_status>
		<wp:ping_status><![CDATA[open]]></wp:ping_status>
		<wp:post_name><![CDATA[lorem-ipsum-dolor-sit-amet]]></wp:post_name>
		<wp:status><![CDATA[publish]]></wp:status>
		<wp:post_parent>0</wp:post_parent>
		<wp:menu_order>0</wp:menu_order>
		<wp:post_type><![CDATA[post]]></wp:post_type>
		<wp:post_password><![CDATA[]]></wp:post_password>
		<wp:is_sticky>0</wp:is_sticky>
		<category domain="post_tag" nicename="hd"><![CDATA[HD]]></category>
		<category domain="post_tag" nicename="video"><![CDATA[Video]]></category>
		<category domain="category" nicename="wild-life"><![CDATA[Wild Life]]></category>
		<category domain="post_tag" nicename="wild-life"><![CDATA[Wild Life]]></category>
		<wp:postmeta>
			<wp:meta_key><![CDATA[_edit_last]]></wp:meta_key>
			<wp:meta_value><![CDATA[1]]></wp:meta_value>
		</wp:postmeta>
		<wp:postmeta>
			<wp:meta_key><![CDATA[wpb_post_views_count]]></wp:meta_key>
			<wp:meta_value><![CDATA[5]]></wp:meta_value>
		</wp:postmeta>
		<wp:postmeta>
			<wp:meta_key><![CDATA[hd_post]]></wp:meta_key>
			<wp:meta_value><![CDATA[1]]></wp:meta_value>
		</wp:postmeta>
		<wp:postmeta>
			<wp:meta_key><![CDATA[featured_post]]></wp:meta_key>
			<wp:meta_value><![CDATA[1]]></wp:meta_value>
		</wp:postmeta>
		<wp:postmeta>
			<wp:meta_key><![CDATA[post_time]]></wp:meta_key>
			<wp:meta_value><![CDATA[00:38]]></wp:meta_value>
		</wp:postmeta>
		<wp:postmeta>
			<wp:meta_key><![CDATA[post_quality]]></wp:meta_key>
			<wp:meta_value><![CDATA[HD]]></wp:meta_value>
		</wp:postmeta>
		<wp:postmeta>
			<wp:meta_key><![CDATA[jtheme_video_url]]></wp:meta_key>
			<wp:meta_value><![CDATA[https://vimeo.com/78469853]]></wp:meta_value>
		</wp:postmeta>
		<wp:postmeta>
			<wp:meta_key><![CDATA[jtheme_video_code]]></wp:meta_key>
			<wp:meta_value><![CDATA[]]></wp:meta_value>
		</wp:postmeta>
		<wp:postmeta>
			<wp:meta_key><![CDATA[jtheme_video_file]]></wp:meta_key>
			<wp:meta_value><![CDATA[]]></wp:meta_value>
		</wp:postmeta>
		<wp:postmeta>
			<wp:meta_key><![CDATA[jtheme_meta_title]]></wp:meta_key>
			<wp:meta_value><![CDATA[]]></wp:meta_value>
		</wp:postmeta>
		<wp:postmeta>
			<wp:meta_key><![CDATA[jtheme_meta_description]]></wp:meta_key>
			<wp:meta_value><![CDATA[]]></wp:meta_value>
		</wp:postmeta>
		<wp:postmeta>
			<wp:meta_key><![CDATA[_video_thumbnail]]></wp:meta_key>
			<wp:meta_value><![CDATA[http://demo.beetube.me/wp-content/uploads/2016/05/lorem-ipsum-dolor-sit-amet.jpg]]></wp:meta_value>
		</wp:postmeta>
		<wp:postmeta>
			<wp:meta_key><![CDATA[_thumbnail_id]]></wp:meta_key>
			<wp:meta_value><![CDATA[108]]></wp:meta_value>
		</wp:postmeta>
		<wp:postmeta>
			<wp:meta_key><![CDATA[_oembed_779afc852e6ecdbd356253210d293181]]></wp:meta_key>
			<wp:meta_value><![CDATA[<iframe src="https://player.vimeo.com/video/78469853" width="1200" height="675" frameborder="0" title="ROLLIN&#039; SAFARI - &#039;Vulture&#039; - what if animals were round?" webkitallowfullscreen mozallowfullscreen allowfullscreen></iframe>]]></wp:meta_value>
		</wp:postmeta>
		<wp:postmeta>
			<wp:meta_key><![CDATA[_oembed_time_779afc852e6ecdbd356253210d293181]]></wp:meta_key>
			<wp:meta_value><![CDATA[1464350106]]></wp:meta_value>
		</wp:postmeta>
		<wp:postmeta>
			<wp:meta_key><![CDATA[_user_liked]]></wp:meta_key>
			<wp:meta_value><![CDATA[a:1:{s:6:"user-1";i:1;}]]></wp:meta_value>
		</wp:postmeta>
		<wp:postmeta>
			<wp:meta_key><![CDATA[_post_like_count]]></wp:meta_key>
			<wp:meta_value><![CDATA[1]]></wp:meta_value>
		</wp:postmeta>
		<wp:postmeta>
			<wp:meta_key><![CDATA[_post_like_modified]]></wp:meta_key>
			<wp:meta_value><![CDATA[2016-05-27 12:19:01]]></wp:meta_value>
		</wp:postmeta>
	</item>
	<item>
		<title>Morbi hendrerit metus et dignissim ullamcorper</title>
		<link>http://demo.beetube.me/2016/05/27/morbi-hendrerit-metus-et-dignissim-ullamcorper/</link>
		<pubDate>Fri, 27 May 2016 11:42:47 +0000</pubDate>
		<dc:creator><![CDATA[admin]]></dc:creator>
		<guid isPermaLink="false">http://demo.beetube.me/?p=109</guid>
		<description></description>
		<content:encoded><![CDATA[<p>Lorem ipsum dolor sit amet, consectetur adipiscing elit. Etiam ornare faucibus dignissim. Pellentesque at auctor tortor. Aliquam nec eleifend neque. Nunc non ligula eu massa venenatis maximus sit amet tincidunt magna. Maecenas vel odio vel diam dictum ornare a a turpis. Donec vulputate nulla justo, ut varius metus mollis ut. Vestibulum vitae orci vitae tortor tristique auctor a vel nisl.</p>
<p>Etiam eu purus ante. Sed at ex turpis. Morbi hendrerit metus et dignissim ullamcorper. Sed sit amet tempus urna. Vestibulum tincidunt nibh eget ultrices sagittis. Proin volutpat mi et est consectetur rutrum. Cras porta tempus orci, vel fermentum elit interdum a. Praesent blandit lorem et dolor porttitor, eget convallis nibh ultrices. Aliquam sed urna dolor. Aenean vel vulputate est. Fusce vestibulum nunc eu enim dignissim, hendrerit efficitur ante imperdiet. Sed egestas blandit tristique. Praesent nec faucibus lorem, vitae euismod leo. Class aptent taciti sociosqu ad litora torquent per conubia nostra, per inceptos himenaeos. Proin ultrices vulputate eleifend. Ut in ante malesuada, ullamcorper eros at, placerat turpis.</p>

<blockquote>
	Neque porro quisquam est, qui dolorem ipsum quia dolor sit amet, consectetur, adipisci velit, sed quia non numquam eius modi tempora incidunt ut labore et dolore magnam aliquam quaerat voluptatem. Ut enim ad minima veniam, quis nostrum exercitationem ullam corporis suscipit laboriosam,
</blockquote>

<p>Ut et cursus arcu. Fusce id mauris in velit vulputate efficitur. Suspendisse fermentum condimentum nisi, in commodo risus vulputate a. Vivamus consequat dui at gravida aliquet. Vivamus sed ultrices diam, at interdum magna. In hac habitasse platea dictumst. Maecenas sit amet lacinia nisi. In hac habitasse platea dictumst. Etiam venenatis ullamcorper quam, quis elementum metus fringilla at. Vestibulum accumsan libero sit amet leo feugiat, vel fermentum orci vulputate. Cras ultricies, lectus eu mattis pharetra, dui augue aliquam dui, blandit molestie quam justo a nunc. </p>]]></content:encoded>
		<excerpt:encoded><![CDATA[]]></excerpt:encoded>
		<wp:post_id>109</wp:post_id>
		<wp:post_date><![CDATA[2016-05-27 11:42:47]]></wp:post_date>
		<wp:post_date_gmt><![CDATA[2016-05-27 11:42:47]]></wp:post_date_gmt>
		<wp:comment_status><![CDATA[open]]></wp:comment_status>
		<wp:ping_status><![CDATA[open]]></wp:ping_status>
		<wp:post_name><![CDATA[morbi-hendrerit-metus-et-dignissim-ullamcorper]]></wp:post_name>
		<wp:status><![CDATA[publish]]></wp:status>
		<wp:post_parent>0</wp:post_parent>
		<wp:menu_order>0</wp:menu_order>
		<wp:post_type><![CDATA[post]]></wp:post_type>
		<wp:post_password><![CDATA[]]></wp:post_password>
		<wp:is_sticky>0</wp:is_sticky>
		<category domain="post_tag" nicename="hd"><![CDATA[HD]]></category>
		<category domain="post_tag" nicename="movies"><![CDATA[Movies]]></category>
		<category domain="category" nicename="wild-life"><![CDATA[Wild Life]]></category>
		<category domain="post_tag" nicename="wild-life"><![CDATA[Wild Life]]></category>
		<wp:postmeta>
			<wp:meta_key><![CDATA[_edit_last]]></wp:meta_key>
			<wp:meta_value><![CDATA[1]]></wp:meta_value>
		</wp:postmeta>
		<wp:postmeta>
			<wp:meta_key><![CDATA[wpb_post_views_count]]></wp:meta_key>
			<wp:meta_value><![CDATA[2]]></wp:meta_value>
		</wp:postmeta>
		<wp:postmeta>
			<wp:meta_key><![CDATA[hd_post]]></wp:meta_key>
			<wp:meta_value><![CDATA[1]]></wp:meta_value>
		</wp:postmeta>
		<wp:postmeta>
			<wp:meta_key><![CDATA[featured_post]]></wp:meta_key>
			<wp:meta_value><![CDATA[2]]></wp:meta_value>
		</wp:postmeta>
		<wp:postmeta>
			<wp:meta_key><![CDATA[post_time]]></wp:meta_key>
			<wp:meta_value><![CDATA[4:35]]></wp:meta_value>
		</wp:postmeta>
		<wp:postmeta>
			<wp:meta_key><![CDATA[post_quality]]></wp:meta_key>
			<wp:meta_value><![CDATA[HD]]></wp:meta_value>
		</wp:postmeta>
		<wp:postmeta>
			<wp:meta_key><![CDATA[jtheme_video_url]]></wp:meta_key>
			<wp:meta_value><![CDATA[https://www.youtube.com/watch?v=xhDrIG0lemY]]></wp:meta_value>
		</wp:postmeta>
		<wp:postmeta>
			<wp:meta_key><![CDATA[jtheme_video_code]]></wp:meta_key>
			<wp:meta_value><![CDATA[]]></wp:meta_value>
		</wp:postmeta>
		<wp:postmeta>
			<wp:meta_key><![CDATA[jtheme_video_file]]></wp:meta_key>
			<wp:meta_value><![CDATA[]]></wp:meta_value>
		</wp:postmeta>
		<wp:postmeta>
			<wp:meta_key><![CDATA[jtheme_meta_title]]></wp:meta_key>
			<wp:meta_value><![CDATA[]]></wp:meta_value>
		</wp:postmeta>
		<wp:postmeta>
			<wp:meta_key><![CDATA[jtheme_meta_description]]></wp:meta_key>
			<wp:meta_value><![CDATA[]]></wp:meta_value>
		</wp:postmeta>
		<wp:postmeta>
			<wp:meta_key><![CDATA[_video_thumbnail]]></wp:meta_key>
			<wp:meta_value><![CDATA[http://demo.beetube.me/wp-content/uploads/2016/05/morbi-hendrerit-metus-et-digniss.jpg]]></wp:meta_value>
		</wp:postmeta>
		<wp:postmeta>
			<wp:meta_key><![CDATA[_thumbnail_id]]></wp:meta_key>
			<wp:meta_value><![CDATA[112]]></wp:meta_value>
		</wp:postmeta>
		<wp:postmeta>
			<wp:meta_key><![CDATA[_oembed_a89c38ee2a5dd3c8f607c1ffe02236d9]]></wp:meta_key>
			<wp:meta_value><![CDATA[<iframe width="1200" height="675" src="https://www.youtube.com/embed/xhDrIG0lemY?feature=oembed" frameborder="0" allowfullscreen></iframe>]]></wp:meta_value>
		</wp:postmeta>
		<wp:postmeta>
			<wp:meta_key><![CDATA[_oembed_time_a89c38ee2a5dd3c8f607c1ffe02236d9]]></wp:meta_key>
			<wp:meta_value><![CDATA[1464351512]]></wp:meta_value>
		</wp:postmeta>
		<wp:postmeta>
			<wp:meta_key><![CDATA[_user_liked]]></wp:meta_key>
			<wp:meta_value><![CDATA[a:1:{s:6:"user-1";i:1;}]]></wp:meta_value>
		</wp:postmeta>
		<wp:postmeta>
			<wp:meta_key><![CDATA[_post_like_count]]></wp:meta_key>
			<wp:meta_value><![CDATA[2]]></wp:meta_value>
		</wp:postmeta>
		<wp:postmeta>
			<wp:meta_key><![CDATA[_post_like_modified]]></wp:meta_key>
			<wp:meta_value><![CDATA[2016-05-27 13:05:33]]></wp:meta_value>
		</wp:postmeta>
		<wp:postmeta>
			<wp:meta_key><![CDATA[_user_IP]]></wp:meta_key>
			<wp:meta_value><![CDATA[a:1:{s:16:"ip-103.255.5.254";s:13:"103.255.5.254";}]]></wp:meta_value>
		</wp:postmeta>
	</item>
	<item>
		<title>Qui dolorem ipsum quia dolor sit amet</title>
		<link>http://demo.beetube.me/2016/05/27/qui-dolorem-ipsum-quia-dolor-sit-amet/</link>
		<pubDate>Fri, 27 May 2016 12:09:44 +0000</pubDate>
		<dc:creator><![CDATA[admin]]></dc:creator>
		<guid isPermaLink="false">http://demo.beetube.me/?p=113</guid>
		<description></description>
		<content:encoded><![CDATA[<p>Lorem ipsum dolor sit amet, consectetur adipiscing elit. Etiam ornare faucibus dignissim. Pellentesque at auctor tortor. Aliquam nec eleifend neque. Nunc non ligula eu massa venenatis maximus sit amet tincidunt magna. Maecenas vel odio vel diam dictum ornare a a turpis. Donec vulputate nulla justo, ut varius metus mollis ut. Vestibulum vitae orci vitae tortor tristique auctor a vel nisl.</p>

<p>Etiam eu purus ante. Sed at ex turpis. Morbi hendrerit metus et dignissim ullamcorper. Sed sit amet tempus urna. Vestibulum tincidunt nibh eget ultrices sagittis. Proin volutpat mi et est consectetur rutrum. Cras porta tempus orci, vel fermentum elit interdum a. Praesent blandit lorem et dolor porttitor, eget convallis nibh ultrices. Aliquam sed urna dolor. Aenean vel vulputate est. Fusce vestibulum nunc eu enim dignissim, hendrerit efficitur ante imperdiet. Sed egestas blandit tristique. Praesent nec faucibus lorem, vitae euismod leo. Class aptent taciti sociosqu ad litora torquent per conubia nostra, per inceptos himenaeos. Proin ultrices vulputate eleifend. Ut in ante malesuada, ullamcorper eros at, placerat turpis.</p>

<blockquote>
	Neque porro quisquam est, qui dolorem ipsum quia dolor sit amet, consectetur, adipisci velit, sed quia non numquam eius modi tempora incidunt ut labore et dolore magnam aliquam quaerat voluptatem. Ut enim ad minima veniam, quis nostrum exercitationem ullam corporis suscipit laboriosam,
</blockquote>

<p>Ut et cursus arcu. Fusce id mauris in velit vulputate efficitur. Suspendisse fermentum condimentum nisi, in commodo risus vulputate a. Vivamus consequat dui at gravida aliquet. Vivamus sed ultrices diam, at interdum magna. In hac habitasse platea dictumst. Maecenas sit amet lacinia nisi. In hac habitasse platea dictumst. Etiam venenatis ullamcorper quam, quis elementum metus fringilla at. Vestibulum accumsan libero sit amet leo feugiat, vel fermentum orci vulputate. Cras ultricies, lectus eu mattis pharetra, dui augue aliquam dui, blandit molestie quam justo a nunc. </p>]]></content:encoded>
		<excerpt:encoded><![CDATA[]]></excerpt:encoded>
		<wp:post_id>113</wp:post_id>
		<wp:post_date><![CDATA[2016-05-27 12:09:44]]></wp:post_date>
		<wp:post_date_gmt><![CDATA[2016-05-27 12:09:44]]></wp:post_date_gmt>
		<wp:comment_status><![CDATA[open]]></wp:comment_status>
		<wp:ping_status><![CDATA[open]]></wp:ping_status>
		<wp:post_name><![CDATA[qui-dolorem-ipsum-quia-dolor-sit-amet]]></wp:post_name>
		<wp:status><![CDATA[publish]]></wp:status>
		<wp:post_parent>0</wp:post_parent>
		<wp:menu_order>0</wp:menu_order>
		<wp:post_type><![CDATA[post]]></wp:post_type>
		<wp:post_password><![CDATA[]]></wp:post_password>
		<wp:is_sticky>0</wp:is_sticky>
		<category domain="post_tag" nicename="hd"><![CDATA[HD]]></category>
		<category domain="post_tag" nicename="movies"><![CDATA[Movies]]></category>
		<category domain="post_tag" nicename="videos"><![CDATA[videos]]></category>
		<category domain="category" nicename="wild-life"><![CDATA[Wild Life]]></category>
		<category domain="post_tag" nicename="wild-life"><![CDATA[Wild Life]]></category>
		<wp:postmeta>
			<wp:meta_key><![CDATA[jtheme_video_code]]></wp:meta_key>
			<wp:meta_value><![CDATA[]]></wp:meta_value>
		</wp:postmeta>
		<wp:postmeta>
			<wp:meta_key><![CDATA[_thumbnail_id]]></wp:meta_key>
			<wp:meta_value><![CDATA[114]]></wp:meta_value>
		</wp:postmeta>
		<wp:postmeta>
			<wp:meta_key><![CDATA[wpb_post_views_count]]></wp:meta_key>
			<wp:meta_value><![CDATA[1]]></wp:meta_value>
		</wp:postmeta>
		<wp:postmeta>
			<wp:meta_key><![CDATA[hd_post]]></wp:meta_key>
			<wp:meta_value><![CDATA[1]]></wp:meta_value>
		</wp:postmeta>
		<wp:postmeta>
			<wp:meta_key><![CDATA[featured_post]]></wp:meta_key>
			<wp:meta_value><![CDATA[2]]></wp:meta_value>
		</wp:postmeta>
		<wp:postmeta>
			<wp:meta_key><![CDATA[post_time]]></wp:meta_key>
			<wp:meta_value><![CDATA[10:11]]></wp:meta_value>
		</wp:postmeta>
		<wp:postmeta>
			<wp:meta_key><![CDATA[post_quality]]></wp:meta_key>
			<wp:meta_value><![CDATA[1080p]]></wp:meta_value>
		</wp:postmeta>
		<wp:postmeta>
			<wp:meta_key><![CDATA[jtheme_video_url]]></wp:meta_key>
			<wp:meta_value><![CDATA[https://www.youtube.com/watch?v=3nmnMtbzzjE]]></wp:meta_value>
		</wp:postmeta>
		<wp:postmeta>
			<wp:meta_key><![CDATA[jtheme_meta_title]]></wp:meta_key>
			<wp:meta_value><![CDATA[]]></wp:meta_value>
		</wp:postmeta>
		<wp:postmeta>
			<wp:meta_key><![CDATA[jtheme_meta_description]]></wp:meta_key>
			<wp:meta_value><![CDATA[]]></wp:meta_value>
		</wp:postmeta>
		<wp:postmeta>
			<wp:meta_key><![CDATA[jtheme_video_file]]></wp:meta_key>
			<wp:meta_value><![CDATA[]]></wp:meta_value>
		</wp:postmeta>
		<wp:postmeta>
			<wp:meta_key><![CDATA[_edit_last]]></wp:meta_key>
			<wp:meta_value><![CDATA[1]]></wp:meta_value>
		</wp:postmeta>
		<wp:postmeta>
			<wp:meta_key><![CDATA[_oembed_8eedf1daf749f1538ad1a9159d3fd8ef]]></wp:meta_key>
			<wp:meta_value><![CDATA[<iframe width="1200" height="675" src="https://www.youtube.com/embed/3nmnMtbzzjE?feature=oembed" frameborder="0" allowfullscreen></iframe>]]></wp:meta_value>
		</wp:postmeta>
		<wp:postmeta>
			<wp:meta_key><![CDATA[_oembed_time_8eedf1daf749f1538ad1a9159d3fd8ef]]></wp:meta_key>
			<wp:meta_value><![CDATA[1464351511]]></wp:meta_value>
		</wp:postmeta>
		<wp:postmeta>
			<wp:meta_key><![CDATA[_user_liked]]></wp:meta_key>
			<wp:meta_value><![CDATA[a:1:{s:6:"user-1";i:1;}]]></wp:meta_value>
		</wp:postmeta>
		<wp:postmeta>
			<wp:meta_key><![CDATA[_post_like_count]]></wp:meta_key>
			<wp:meta_value><![CDATA[1]]></wp:meta_value>
		</wp:postmeta>
		<wp:postmeta>
			<wp:meta_key><![CDATA[_post_like_modified]]></wp:meta_key>
			<wp:meta_value><![CDATA[2016-05-27 12:18:50]]></wp:meta_value>
		</wp:postmeta>
	</item>
	<item>
		<title>Lorem ipsum dolor sit amet</title>
		<link>http://demo.beetube.me/2016/05/27/lorem-ipsum-dolor-sit-amet-2/</link>
		<pubDate>Fri, 27 May 2016 12:14:41 +0000</pubDate>
		<dc:creator><![CDATA[admin]]></dc:creator>
		<guid isPermaLink="false">http://demo.beetube.me/?p=116</guid>
		<description></description>
		<content:encoded><![CDATA[<p>Lorem ipsum dolor sit amet, consectetur adipiscing elit. Etiam ornare faucibus dignissim. Pellentesque at auctor tortor. Aliquam nec eleifend neque. Nunc non ligula eu massa venenatis maximus sit amet tincidunt magna. Maecenas vel odio vel diam dictum ornare a a turpis. Donec vulputate nulla justo, ut varius metus mollis ut. Vestibulum vitae orci vitae tortor tristique auctor a vel nisl.</p>

<p>Etiam eu purus ante. Sed at ex turpis. Morbi hendrerit metus et dignissim ullamcorper. Sed sit amet tempus urna. Vestibulum tincidunt nibh eget ultrices sagittis. Proin volutpat mi et est consectetur rutrum. Cras porta tempus orci, vel fermentum elit interdum a. Praesent blandit lorem et dolor porttitor, eget convallis nibh ultrices. Aliquam sed urna dolor. Aenean vel vulputate est. Fusce vestibulum nunc eu enim dignissim, hendrerit efficitur ante imperdiet. Sed egestas blandit tristique. Praesent nec faucibus lorem, vitae euismod leo. Class aptent taciti sociosqu ad litora torquent per conubia nostra, per inceptos himenaeos. Proin ultrices vulputate eleifend. Ut in ante malesuada, ullamcorper eros at, placerat turpis.</p>

<blockquote>
	Neque porro quisquam est, qui dolorem ipsum quia dolor sit amet, consectetur, adipisci velit, sed quia non numquam eius modi tempora incidunt ut labore et dolore magnam aliquam quaerat voluptatem. Ut enim ad minima veniam, quis nostrum exercitationem ullam corporis suscipit laboriosam,
</blockquote>

<p>Ut et cursus arcu. Fusce id mauris in velit vulputate efficitur. Suspendisse fermentum condimentum nisi, in commodo risus vulputate a. Vivamus consequat dui at gravida aliquet. Vivamus sed ultrices diam, at interdum magna. In hac habitasse platea dictumst. Maecenas sit amet lacinia nisi. In hac habitasse platea dictumst. Etiam venenatis ullamcorper quam, quis elementum metus fringilla at. Vestibulum accumsan libero sit amet leo feugiat, vel fermentum orci vulputate. Cras ultricies, lectus eu mattis pharetra, dui augue aliquam dui, blandit molestie quam justo a nunc. </p>]]></content:encoded>
		<excerpt:encoded><![CDATA[]]></excerpt:encoded>
		<wp:post_id>116</wp:post_id>
		<wp:post_date><![CDATA[2016-05-27 12:14:41]]></wp:post_date>
		<wp:post_date_gmt><![CDATA[2016-05-27 12:14:41]]></wp:post_date_gmt>
		<wp:comment_status><![CDATA[open]]></wp:comment_status>
		<wp:ping_status><![CDATA[open]]></wp:ping_status>
		<wp:post_name><![CDATA[lorem-ipsum-dolor-sit-amet-2]]></wp:post_name>
		<wp:status><![CDATA[publish]]></wp:status>
		<wp:post_parent>0</wp:post_parent>
		<wp:menu_order>0</wp:menu_order>
		<wp:post_type><![CDATA[post]]></wp:post_type>
		<wp:post_password><![CDATA[]]></wp:post_password>
		<wp:is_sticky>0</wp:is_sticky>
		<category domain="post_tag" nicename="hd"><![CDATA[HD]]></category>
		<category domain="post_tag" nicename="movies"><![CDATA[Movies]]></category>
		<category domain="category" nicename="sports"><![CDATA[Sports]]></category>
		<category domain="post_tag" nicename="videos"><![CDATA[videos]]></category>
		<wp:postmeta>
			<wp:meta_key><![CDATA[_edit_last]]></wp:meta_key>
			<wp:meta_value><![CDATA[1]]></wp:meta_value>
		</wp:postmeta>
		<wp:postmeta>
			<wp:meta_key><![CDATA[_thumbnail_id]]></wp:meta_key>
			<wp:meta_value><![CDATA[117]]></wp:meta_value>
		</wp:postmeta>
		<wp:postmeta>
			<wp:meta_key><![CDATA[wpb_post_views_count]]></wp:meta_key>
			<wp:meta_value><![CDATA[3]]></wp:meta_value>
		</wp:postmeta>
		<wp:postmeta>
			<wp:meta_key><![CDATA[hd_post]]></wp:meta_key>
			<wp:meta_value><![CDATA[1]]></wp:meta_value>
		</wp:postmeta>
		<wp:postmeta>
			<wp:meta_key><![CDATA[featured_post]]></wp:meta_key>
			<wp:meta_value><![CDATA[2]]></wp:meta_value>
		</wp:postmeta>
		<wp:postmeta>
			<wp:meta_key><![CDATA[post_time]]></wp:meta_key>
			<wp:meta_value><![CDATA[4:17]]></wp:meta_value>
		</wp:postmeta>
		<wp:postmeta>
			<wp:meta_key><![CDATA[post_quality]]></wp:meta_key>
			<wp:meta_value><![CDATA[1080p]]></wp:meta_value>
		</wp:postmeta>
		<wp:postmeta>
			<wp:meta_key><![CDATA[jtheme_video_url]]></wp:meta_key>
			<wp:meta_value><![CDATA[https://vimeo.com/32430993]]></wp:meta_value>
		</wp:postmeta>
		<wp:postmeta>
			<wp:meta_key><![CDATA[jtheme_video_code]]></wp:meta_key>
			<wp:meta_value><![CDATA[]]></wp:meta_value>
		</wp:postmeta>
		<wp:postmeta>
			<wp:meta_key><![CDATA[jtheme_video_file]]></wp:meta_key>
			<wp:meta_value><![CDATA[]]></wp:meta_value>
		</wp:postmeta>
		<wp:postmeta>
			<wp:meta_key><![CDATA[jtheme_meta_title]]></wp:meta_key>
			<wp:meta_value><![CDATA[]]></wp:meta_value>
		</wp:postmeta>
		<wp:postmeta>
			<wp:meta_key><![CDATA[jtheme_meta_description]]></wp:meta_key>
			<wp:meta_value><![CDATA[]]></wp:meta_value>
		</wp:postmeta>
		<wp:postmeta>
			<wp:meta_key><![CDATA[_oembed_f6a96a3d0d3ba4348a067e9faa3cd000]]></wp:meta_key>
			<wp:meta_value><![CDATA[<iframe src="https://player.vimeo.com/video/32430993" width="1200" height="675" frameborder="0" title="Live Your Goalf" webkitallowfullscreen mozallowfullscreen allowfullscreen></iframe>]]></wp:meta_value>
		</wp:postmeta>
		<wp:postmeta>
			<wp:meta_key><![CDATA[_oembed_time_f6a96a3d0d3ba4348a067e9faa3cd000]]></wp:meta_key>
			<wp:meta_value><![CDATA[1464351303]]></wp:meta_value>
		</wp:postmeta>
		<wp:postmeta>
			<wp:meta_key><![CDATA[_user_liked]]></wp:meta_key>
			<wp:meta_value><![CDATA[a:1:{s:6:"user-1";i:1;}]]></wp:meta_value>
		</wp:postmeta>
		<wp:postmeta>
			<wp:meta_key><![CDATA[_post_like_count]]></wp:meta_key>
			<wp:meta_value><![CDATA[1]]></wp:meta_value>
		</wp:postmeta>
		<wp:postmeta>
			<wp:meta_key><![CDATA[_post_like_modified]]></wp:meta_key>
			<wp:meta_value><![CDATA[2016-05-27 12:18:14]]></wp:meta_value>
		</wp:postmeta>
	</item>
	<item>
		<title>Etiam eu purus ante. Sed at ex turpis</title>
		<link>http://demo.beetube.me/2016/05/27/etiam-eu-purus-ante-sed-at-ex-turpis/</link>
		<pubDate>Fri, 27 May 2016 12:22:42 +0000</pubDate>
		<dc:creator><![CDATA[admin]]></dc:creator>
		<guid isPermaLink="false">http://demo.beetube.me/?p=119</guid>
		<description></description>
		<content:encoded><![CDATA[<p>Lorem ipsum dolor sit amet, consectetur adipiscing elit. Etiam ornare faucibus dignissim. Pellentesque at auctor tortor. Aliquam nec eleifend neque. Nunc non ligula eu massa venenatis maximus sit amet tincidunt magna. Maecenas vel odio vel diam dictum ornare a a turpis. Donec vulputate nulla justo, ut varius metus mollis ut. Vestibulum vitae orci vitae tortor tristique auctor a vel nisl.</p>

<p>Etiam eu purus ante. Sed at ex turpis. Morbi hendrerit metus et dignissim ullamcorper. Sed sit amet tempus urna. Vestibulum tincidunt nibh eget ultrices sagittis. Proin volutpat mi et est consectetur rutrum. Cras porta tempus orci, vel fermentum elit interdum a. Praesent blandit lorem et dolor porttitor, eget convallis nibh ultrices. Aliquam sed urna dolor. Aenean vel vulputate est. Fusce vestibulum nunc eu enim dignissim, hendrerit efficitur ante imperdiet. Sed egestas blandit tristique. Praesent nec faucibus lorem, vitae euismod leo. Class aptent taciti sociosqu ad litora torquent per conubia nostra, per inceptos himenaeos. Proin ultrices vulputate eleifend. Ut in ante malesuada, ullamcorper eros at, placerat turpis.</p>

<blockquote>
	Neque porro quisquam est, qui dolorem ipsum quia dolor sit amet, consectetur, adipisci velit, sed quia non numquam eius modi tempora incidunt ut labore et dolore magnam aliquam quaerat voluptatem. Ut enim ad minima veniam, quis nostrum exercitationem ullam corporis suscipit laboriosam,
</blockquote>

<p>Ut et cursus arcu. Fusce id mauris in velit vulputate efficitur. Suspendisse fermentum condimentum nisi, in commodo risus vulputate a. Vivamus consequat dui at gravida aliquet. Vivamus sed ultrices diam, at interdum magna. In hac habitasse platea dictumst. Maecenas sit amet lacinia nisi. In hac habitasse platea dictumst. Etiam venenatis ullamcorper quam, quis elementum metus fringilla at. Vestibulum accumsan libero sit amet leo feugiat, vel fermentum orci vulputate. Cras ultricies, lectus eu mattis pharetra, dui augue aliquam dui, blandit molestie quam justo a nunc. </p>]]></content:encoded>
		<excerpt:encoded><![CDATA[]]></excerpt:encoded>
		<wp:post_id>119</wp:post_id>
		<wp:post_date><![CDATA[2016-05-27 12:22:42]]></wp:post_date>
		<wp:post_date_gmt><![CDATA[2016-05-27 12:22:42]]></wp:post_date_gmt>
		<wp:comment_status><![CDATA[open]]></wp:comment_status>
		<wp:ping_status><![CDATA[open]]></wp:ping_status>
		<wp:post_name><![CDATA[etiam-eu-purus-ante-sed-at-ex-turpis]]></wp:post_name>
		<wp:status><![CDATA[publish]]></wp:status>
		<wp:post_parent>0</wp:post_parent>
		<wp:menu_order>0</wp:menu_order>
		<wp:post_type><![CDATA[post]]></wp:post_type>
		<wp:post_password><![CDATA[]]></wp:post_password>
		<wp:is_sticky>0</wp:is_sticky>
		<category domain="post_tag" nicename="hd"><![CDATA[HD]]></category>
		<category domain="post_tag" nicename="movies"><![CDATA[Movies]]></category>
		<category domain="category" nicename="sports"><![CDATA[Sports]]></category>
		<category domain="post_tag" nicename="videos"><![CDATA[videos]]></category>
		<wp:postmeta>
			<wp:meta_key><![CDATA[_edit_last]]></wp:meta_key>
			<wp:meta_value><![CDATA[1]]></wp:meta_value>
		</wp:postmeta>
		<wp:postmeta>
			<wp:meta_key><![CDATA[_thumbnail_id]]></wp:meta_key>
			<wp:meta_value><![CDATA[120]]></wp:meta_value>
		</wp:postmeta>
		<wp:postmeta>
			<wp:meta_key><![CDATA[wpb_post_views_count]]></wp:meta_key>
			<wp:meta_value><![CDATA[1]]></wp:meta_value>
		</wp:postmeta>
		<wp:postmeta>
			<wp:meta_key><![CDATA[hd_post]]></wp:meta_key>
			<wp:meta_value><![CDATA[1]]></wp:meta_value>
		</wp:postmeta>
		<wp:postmeta>
			<wp:meta_key><![CDATA[featured_post]]></wp:meta_key>
			<wp:meta_value><![CDATA[2]]></wp:meta_value>
		</wp:postmeta>
		<wp:postmeta>
			<wp:meta_key><![CDATA[post_time]]></wp:meta_key>
			<wp:meta_value><![CDATA[1:13]]></wp:meta_value>
		</wp:postmeta>
		<wp:postmeta>
			<wp:meta_key><![CDATA[post_quality]]></wp:meta_key>
			<wp:meta_value><![CDATA[HD]]></wp:meta_value>
		</wp:postmeta>
		<wp:postmeta>
			<wp:meta_key><![CDATA[jtheme_video_url]]></wp:meta_key>
			<wp:meta_value><![CDATA[https://vimeo.com/69311033]]></wp:meta_value>
		</wp:postmeta>
		<wp:postmeta>
			<wp:meta_key><![CDATA[jtheme_video_code]]></wp:meta_key>
			<wp:meta_value><![CDATA[]]></wp:meta_value>
		</wp:postmeta>
		<wp:postmeta>
			<wp:meta_key><![CDATA[jtheme_video_file]]></wp:meta_key>
			<wp:meta_value><![CDATA[]]></wp:meta_value>
		</wp:postmeta>
		<wp:postmeta>
			<wp:meta_key><![CDATA[jtheme_meta_title]]></wp:meta_key>
			<wp:meta_value><![CDATA[]]></wp:meta_value>
		</wp:postmeta>
		<wp:postmeta>
			<wp:meta_key><![CDATA[jtheme_meta_description]]></wp:meta_key>
			<wp:meta_value><![CDATA[]]></wp:meta_value>
		</wp:postmeta>
		<wp:postmeta>
			<wp:meta_key><![CDATA[_oembed_0cf22171039e73ffdfe56882832c19ee]]></wp:meta_key>
			<wp:meta_value><![CDATA[<iframe src="https://player.vimeo.com/video/69311033" width="1200" height="511" frameborder="0" title="Buzzer" webkitallowfullscreen mozallowfullscreen allowfullscreen></iframe>]]></wp:meta_value>
		</wp:postmeta>
		<wp:postmeta>
			<wp:meta_key><![CDATA[_oembed_time_0cf22171039e73ffdfe56882832c19ee]]></wp:meta_key>
			<wp:meta_value><![CDATA[1464443441]]></wp:meta_value>
		</wp:postmeta>
	</item>
	<item>
		<title>Neque porro quisquam est</title>
		<link>http://demo.beetube.me/2016/05/27/neque-porro-quisquam-est/</link>
		<pubDate>Fri, 27 May 2016 12:28:41 +0000</pubDate>
		<dc:creator><![CDATA[admin]]></dc:creator>
		<guid isPermaLink="false">http://demo.beetube.me/?p=124</guid>
		<description></description>
		<content:encoded><![CDATA[<p>Lorem ipsum dolor sit amet, consectetur adipiscing elit. Etiam ornare faucibus dignissim. Pellentesque at auctor tortor. Aliquam nec eleifend neque. Nunc non ligula eu massa venenatis maximus sit amet tincidunt magna. Maecenas vel odio vel diam dictum ornare a a turpis. Donec vulputate nulla justo, ut varius metus mollis ut. Vestibulum vitae orci vitae tortor tristique auctor a vel nisl.</p>

<p>Etiam eu purus ante. Sed at ex turpis. Morbi hendrerit metus et dignissim ullamcorper. Sed sit amet tempus urna. Vestibulum tincidunt nibh eget ultrices sagittis. Proin volutpat mi et est consectetur rutrum. Cras porta tempus orci, vel fermentum elit interdum a. Praesent blandit lorem et dolor porttitor, eget convallis nibh ultrices. Aliquam sed urna dolor. Aenean vel vulputate est. Fusce vestibulum nunc eu enim dignissim, hendrerit efficitur ante imperdiet. Sed egestas blandit tristique. Praesent nec faucibus lorem, vitae euismod leo. Class aptent taciti sociosqu ad litora torquent per conubia nostra, per inceptos himenaeos. Proin ultrices vulputate eleifend. Ut in ante malesuada, ullamcorper eros at, placerat turpis.</p>

<blockquote>
	Neque porro quisquam est, qui dolorem ipsum quia dolor sit amet, consectetur, adipisci velit, sed quia non numquam eius modi tempora incidunt ut labore et dolore magnam aliquam quaerat voluptatem. Ut enim ad minima veniam, quis nostrum exercitationem ullam corporis suscipit laboriosam,
</blockquote>

<p>Ut et cursus arcu. Fusce id mauris in velit vulputate efficitur. Suspendisse fermentum condimentum nisi, in commodo risus vulputate a. Vivamus consequat dui at gravida aliquet. Vivamus sed ultrices diam, at interdum magna. In hac habitasse platea dictumst. Maecenas sit amet lacinia nisi. In hac habitasse platea dictumst. Etiam venenatis ullamcorper quam, quis elementum metus fringilla at. Vestibulum accumsan libero sit amet leo feugiat, vel fermentum orci vulputate. Cras ultricies, lectus eu mattis pharetra, dui augue aliquam dui, blandit molestie quam justo a nunc. </p>]]></content:encoded>
		<excerpt:encoded><![CDATA[]]></excerpt:encoded>
		<wp:post_id>124</wp:post_id>
		<wp:post_date><![CDATA[2016-05-27 12:28:41]]></wp:post_date>
		<wp:post_date_gmt><![CDATA[2016-05-27 12:28:41]]></wp:post_date_gmt>
		<wp:comment_status><![CDATA[open]]></wp:comment_status>
		<wp:ping_status><![CDATA[open]]></wp:ping_status>
		<wp:post_name><![CDATA[neque-porro-quisquam-est]]></wp:post_name>
		<wp:status><![CDATA[publish]]></wp:status>
		<wp:post_parent>0</wp:post_parent>
		<wp:menu_order>0</wp:menu_order>
		<wp:post_type><![CDATA[post]]></wp:post_type>
		<wp:post_password><![CDATA[]]></wp:post_password>
		<wp:is_sticky>0</wp:is_sticky>
		<category domain="post_tag" nicename="hd"><![CDATA[HD]]></category>
		<category domain="post_tag" nicename="movies"><![CDATA[Movies]]></category>
		<category domain="category" nicename="sports"><![CDATA[Sports]]></category>
		<category domain="post_tag" nicename="sports"><![CDATA[sports]]></category>
		<category domain="post_tag" nicename="videos"><![CDATA[videos]]></category>
		<wp:postmeta>
			<wp:meta_key><![CDATA[_edit_last]]></wp:meta_key>
			<wp:meta_value><![CDATA[1]]></wp:meta_value>
		</wp:postmeta>
		<wp:postmeta>
			<wp:meta_key><![CDATA[_thumbnail_id]]></wp:meta_key>
			<wp:meta_value><![CDATA[125]]></wp:meta_value>
		</wp:postmeta>
		<wp:postmeta>
			<wp:meta_key><![CDATA[wpb_post_views_count]]></wp:meta_key>
			<wp:meta_value><![CDATA[0]]></wp:meta_value>
		</wp:postmeta>
		<wp:postmeta>
			<wp:meta_key><![CDATA[hd_post]]></wp:meta_key>
			<wp:meta_value><![CDATA[1]]></wp:meta_value>
		</wp:postmeta>
		<wp:postmeta>
			<wp:meta_key><![CDATA[featured_post]]></wp:meta_key>
			<wp:meta_value><![CDATA[1]]></wp:meta_value>
		</wp:postmeta>
		<wp:postmeta>
			<wp:meta_key><![CDATA[post_time]]></wp:meta_key>
			<wp:meta_value><![CDATA[1:24]]></wp:meta_value>
		</wp:postmeta>
		<wp:postmeta>
			<wp:meta_key><![CDATA[post_quality]]></wp:meta_key>
			<wp:meta_value><![CDATA[1080p]]></wp:meta_value>
		</wp:postmeta>
		<wp:postmeta>
			<wp:meta_key><![CDATA[jtheme_video_url]]></wp:meta_key>
			<wp:meta_value><![CDATA[https://vimeo.com/67321651]]></wp:meta_value>
		</wp:postmeta>
		<wp:postmeta>
			<wp:meta_key><![CDATA[jtheme_video_code]]></wp:meta_key>
			<wp:meta_value><![CDATA[]]></wp:meta_value>
		</wp:postmeta>
		<wp:postmeta>
			<wp:meta_key><![CDATA[jtheme_video_file]]></wp:meta_key>
			<wp:meta_value><![CDATA[]]></wp:meta_value>
		</wp:postmeta>
		<wp:postmeta>
			<wp:meta_key><![CDATA[jtheme_meta_title]]></wp:meta_key>
			<wp:meta_value><![CDATA[]]></wp:meta_value>
		</wp:postmeta>
		<wp:postmeta>
			<wp:meta_key><![CDATA[jtheme_meta_description]]></wp:meta_key>
			<wp:meta_value><![CDATA[]]></wp:meta_value>
		</wp:postmeta>
		<wp:postmeta>
			<wp:meta_key><![CDATA[_oembed_f945e927ccf49715bfc64faf23537d52]]></wp:meta_key>
			<wp:meta_value><![CDATA[<iframe src="https://player.vimeo.com/video/67321651" width="1200" height="675" frameborder="0" title="Fantastic Man - The Upright Catch-Foot Spin" webkitallowfullscreen mozallowfullscreen allowfullscreen></iframe>]]></wp:meta_value>
		</wp:postmeta>
		<wp:postmeta>
			<wp:meta_key><![CDATA[_oembed_time_f945e927ccf49715bfc64faf23537d52]]></wp:meta_key>
			<wp:meta_value><![CDATA[1464352141]]></wp:meta_value>
		</wp:postmeta>
	</item>
	<item>
		<title>Suspendisse fermentum condimentum nisi</title>
		<link>http://demo.beetube.me/2016/05/27/suspendisse-fermentum-condimentum-nisi/</link>
		<pubDate>Fri, 27 May 2016 12:43:32 +0000</pubDate>
		<dc:creator><![CDATA[admin]]></dc:creator>
		<guid isPermaLink="false">http://demo.beetube.me/?p=127</guid>
		<description></description>
		<content:encoded><![CDATA[<p>Lorem ipsum dolor sit amet, consectetur adipiscing elit. Etiam ornare faucibus dignissim. Pellentesque at auctor tortor. Aliquam nec eleifend neque. Nunc non ligula eu massa venenatis maximus sit amet tincidunt magna. Maecenas vel odio vel diam dictum ornare a a turpis. Donec vulputate nulla justo, ut varius metus mollis ut. Vestibulum vitae orci vitae tortor tristique auctor a vel nisl.</p>

<p>Etiam eu purus ante. Sed at ex turpis. Morbi hendrerit metus et dignissim ullamcorper. Sed sit amet tempus urna. Vestibulum tincidunt nibh eget ultrices sagittis. Proin volutpat mi et est consectetur rutrum. Cras porta tempus orci, vel fermentum elit interdum a. Praesent blandit lorem et dolor porttitor, eget convallis nibh ultrices. Aliquam sed urna dolor. Aenean vel vulputate est. Fusce vestibulum nunc eu enim dignissim, hendrerit efficitur ante imperdiet. Sed egestas blandit tristique. Praesent nec faucibus lorem, vitae euismod leo. Class aptent taciti sociosqu ad litora torquent per conubia nostra, per inceptos himenaeos. Proin ultrices vulputate eleifend. Ut in ante malesuada, ullamcorper eros at, placerat turpis.</p>

<blockquote>
	Neque porro quisquam est, qui dolorem ipsum quia dolor sit amet, consectetur, adipisci velit, sed quia non numquam eius modi tempora incidunt ut labore et dolore magnam aliquam quaerat voluptatem. Ut enim ad minima veniam, quis nostrum exercitationem ullam corporis suscipit laboriosam,
</blockquote>

<p>Ut et cursus arcu. Fusce id mauris in velit vulputate efficitur. Suspendisse fermentum condimentum nisi, in commodo risus vulputate a. Vivamus consequat dui at gravida aliquet. Vivamus sed ultrices diam, at interdum magna. In hac habitasse platea dictumst. Maecenas sit amet lacinia nisi. In hac habitasse platea dictumst. Etiam venenatis ullamcorper quam, quis elementum metus fringilla at. Vestibulum accumsan libero sit amet leo feugiat, vel fermentum orci vulputate. Cras ultricies, lectus eu mattis pharetra, dui augue aliquam dui, blandit molestie quam justo a nunc. </p>]]></content:encoded>
		<excerpt:encoded><![CDATA[]]></excerpt:encoded>
		<wp:post_id>127</wp:post_id>
		<wp:post_date><![CDATA[2016-05-27 12:43:32]]></wp:post_date>
		<wp:post_date_gmt><![CDATA[2016-05-27 12:43:32]]></wp:post_date_gmt>
		<wp:comment_status><![CDATA[open]]></wp:comment_status>
		<wp:ping_status><![CDATA[open]]></wp:ping_status>
		<wp:post_name><![CDATA[suspendisse-fermentum-condimentum-nisi]]></wp:post_name>
		<wp:status><![CDATA[publish]]></wp:status>
		<wp:post_parent>0</wp:post_parent>
		<wp:menu_order>0</wp:menu_order>
		<wp:post_type><![CDATA[post]]></wp:post_type>
		<wp:post_password><![CDATA[]]></wp:post_password>
		<wp:is_sticky>0</wp:is_sticky>
		<category domain="category" nicename="entertainment"><![CDATA[Entertainment]]></category>
		<category domain="post_tag" nicename="entertainment"><![CDATA[entertainment]]></category>
		<category domain="post_tag" nicename="movies"><![CDATA[Movies]]></category>
		<wp:postmeta>
			<wp:meta_key><![CDATA[_edit_last]]></wp:meta_key>
			<wp:meta_value><![CDATA[1]]></wp:meta_value>
		</wp:postmeta>
		<wp:postmeta>
			<wp:meta_key><![CDATA[_thumbnail_id]]></wp:meta_key>
			<wp:meta_value><![CDATA[128]]></wp:meta_value>
		</wp:postmeta>
		<wp:postmeta>
			<wp:meta_key><![CDATA[wpb_post_views_count]]></wp:meta_key>
			<wp:meta_value><![CDATA[4]]></wp:meta_value>
		</wp:postmeta>
		<wp:postmeta>
			<wp:meta_key><![CDATA[hd_post]]></wp:meta_key>
			<wp:meta_value><![CDATA[2]]></wp:meta_value>
		</wp:postmeta>
		<wp:postmeta>
			<wp:meta_key><![CDATA[featured_post]]></wp:meta_key>
			<wp:meta_value><![CDATA[1]]></wp:meta_value>
		</wp:postmeta>
		<wp:postmeta>
			<wp:meta_key><![CDATA[post_time]]></wp:meta_key>
			<wp:meta_value><![CDATA[8:12]]></wp:meta_value>
		</wp:postmeta>
		<wp:postmeta>
			<wp:meta_key><![CDATA[post_quality]]></wp:meta_key>
			<wp:meta_value><![CDATA[720p]]></wp:meta_value>
		</wp:postmeta>
		<wp:postmeta>
			<wp:meta_key><![CDATA[jtheme_video_url]]></wp:meta_key>
			<wp:meta_value><![CDATA[https://vimeo.com/25475500]]></wp:meta_value>
		</wp:postmeta>
		<wp:postmeta>
			<wp:meta_key><![CDATA[jtheme_video_code]]></wp:meta_key>
			<wp:meta_value><![CDATA[]]></wp:meta_value>
		</wp:postmeta>
		<wp:postmeta>
			<wp:meta_key><![CDATA[jtheme_video_file]]></wp:meta_key>
			<wp:meta_value><![CDATA[]]></wp:meta_value>
		</wp:postmeta>
		<wp:postmeta>
			<wp:meta_key><![CDATA[jtheme_meta_title]]></wp:meta_key>
			<wp:meta_value><![CDATA[]]></wp:meta_value>
		</wp:postmeta>
		<wp:postmeta>
			<wp:meta_key><![CDATA[jtheme_meta_description]]></wp:meta_key>
			<wp:meta_value><![CDATA[]]></wp:meta_value>
		</wp:postmeta>
		<wp:postmeta>
			<wp:meta_key><![CDATA[_oembed_a503053e7c0d46c29a6b5419c58dac7c]]></wp:meta_key>
			<wp:meta_value><![CDATA[<iframe src="https://player.vimeo.com/video/25475500" width="1200" height="675" frameborder="0" title="Blik" webkitallowfullscreen mozallowfullscreen allowfullscreen></iframe>]]></wp:meta_value>
		</wp:postmeta>
		<wp:postmeta>
			<wp:meta_key><![CDATA[_oembed_time_a503053e7c0d46c29a6b5419c58dac7c]]></wp:meta_key>
			<wp:meta_value><![CDATA[1464591571]]></wp:meta_value>
		</wp:postmeta>
	</item>
	<item>
		<title>Etiam eu purus ante. Sed at ex turpi</title>
		<link>http://demo.beetube.me/2016/05/27/etiam-eu-purus-ante-sed-at-ex-turpi/</link>
		<pubDate>Fri, 27 May 2016 12:46:57 +0000</pubDate>
		<dc:creator><![CDATA[admin]]></dc:creator>
		<guid isPermaLink="false">http://demo.beetube.me/?p=130</guid>
		<description></description>
		<content:encoded><![CDATA[<p>Lorem ipsum dolor sit amet, consectetur adipiscing elit. Etiam ornare faucibus dignissim. Pellentesque at auctor tortor. Aliquam nec eleifend neque. Nunc non ligula eu massa venenatis maximus sit amet tincidunt magna. Maecenas vel odio vel diam dictum ornare a a turpis. Donec vulputate nulla justo, ut varius metus mollis ut. Vestibulum vitae orci vitae tortor tristique auctor a vel nisl.</p>

<p>Etiam eu purus ante. Sed at ex turpis. Morbi hendrerit metus et dignissim ullamcorper. Sed sit amet tempus urna. Vestibulum tincidunt nibh eget ultrices sagittis. Proin volutpat mi et est consectetur rutrum. Cras porta tempus orci, vel fermentum elit interdum a. Praesent blandit lorem et dolor porttitor, eget convallis nibh ultrices. Aliquam sed urna dolor. Aenean vel vulputate est. Fusce vestibulum nunc eu enim dignissim, hendrerit efficitur ante imperdiet. Sed egestas blandit tristique. Praesent nec faucibus lorem, vitae euismod leo. Class aptent taciti sociosqu ad litora torquent per conubia nostra, per inceptos himenaeos. Proin ultrices vulputate eleifend. Ut in ante malesuada, ullamcorper eros at, placerat turpis.</p>

<blockquote>
	Neque porro quisquam est, qui dolorem ipsum quia dolor sit amet, consectetur, adipisci velit, sed quia non numquam eius modi tempora incidunt ut labore et dolore magnam aliquam quaerat voluptatem. Ut enim ad minima veniam, quis nostrum exercitationem ullam corporis suscipit laboriosam,
</blockquote>

<p>Ut et cursus arcu. Fusce id mauris in velit vulputate efficitur. Suspendisse fermentum condimentum nisi, in commodo risus vulputate a. Vivamus consequat dui at gravida aliquet. Vivamus sed ultrices diam, at interdum magna. In hac habitasse platea dictumst. Maecenas sit amet lacinia nisi. In hac habitasse platea dictumst. Etiam venenatis ullamcorper quam, quis elementum metus fringilla at. Vestibulum accumsan libero sit amet leo feugiat, vel fermentum orci vulputate. Cras ultricies, lectus eu mattis pharetra, dui augue aliquam dui, blandit molestie quam justo a nunc. </p>]]></content:encoded>
		<excerpt:encoded><![CDATA[]]></excerpt:encoded>
		<wp:post_id>130</wp:post_id>
		<wp:post_date><![CDATA[2016-05-27 12:46:57]]></wp:post_date>
		<wp:post_date_gmt><![CDATA[2016-05-27 12:46:57]]></wp:post_date_gmt>
		<wp:comment_status><![CDATA[open]]></wp:comment_status>
		<wp:ping_status><![CDATA[open]]></wp:ping_status>
		<wp:post_name><![CDATA[etiam-eu-purus-ante-sed-at-ex-turpi]]></wp:post_name>
		<wp:status><![CDATA[publish]]></wp:status>
		<wp:post_parent>0</wp:post_parent>
		<wp:menu_order>0</wp:menu_order>
		<wp:post_type><![CDATA[post]]></wp:post_type>
		<wp:post_password><![CDATA[]]></wp:post_password>
		<wp:is_sticky>0</wp:is_sticky>
		<category domain="category" nicename="entertainment"><![CDATA[Entertainment]]></category>
		<category domain="post_tag" nicename="entertainment"><![CDATA[entertainment]]></category>
		<category domain="post_tag" nicename="hd"><![CDATA[HD]]></category>
		<category domain="post_tag" nicename="movies"><![CDATA[Movies]]></category>
		<wp:postmeta>
			<wp:meta_key><![CDATA[_thumbnail_id]]></wp:meta_key>
			<wp:meta_value><![CDATA[131]]></wp:meta_value>
		</wp:postmeta>
		<wp:postmeta>
			<wp:meta_key><![CDATA[_edit_last]]></wp:meta_key>
			<wp:meta_value><![CDATA[1]]></wp:meta_value>
		</wp:postmeta>
		<wp:postmeta>
			<wp:meta_key><![CDATA[wpb_post_views_count]]></wp:meta_key>
			<wp:meta_value><![CDATA[0]]></wp:meta_value>
		</wp:postmeta>
		<wp:postmeta>
			<wp:meta_key><![CDATA[hd_post]]></wp:meta_key>
			<wp:meta_value><![CDATA[1]]></wp:meta_value>
		</wp:postmeta>
		<wp:postmeta>
			<wp:meta_key><![CDATA[featured_post]]></wp:meta_key>
			<wp:meta_value><![CDATA[1]]></wp:meta_value>
		</wp:postmeta>
		<wp:postmeta>
			<wp:meta_key><![CDATA[post_time]]></wp:meta_key>
			<wp:meta_value><![CDATA[1:34]]></wp:meta_value>
		</wp:postmeta>
		<wp:postmeta>
			<wp:meta_key><![CDATA[post_quality]]></wp:meta_key>
			<wp:meta_value><![CDATA[1080p]]></wp:meta_value>
		</wp:postmeta>
		<wp:postmeta>
			<wp:meta_key><![CDATA[jtheme_video_url]]></wp:meta_key>
			<wp:meta_value><![CDATA[https://www.youtube.com/watch?v=Tp6HQCb70yM]]></wp:meta_value>
		</wp:postmeta>
		<wp:postmeta>
			<wp:meta_key><![CDATA[jtheme_video_code]]></wp:meta_key>
			<wp:meta_value><![CDATA[]]></wp:meta_value>
		</wp:postmeta>
		<wp:postmeta>
			<wp:meta_key><![CDATA[jtheme_video_file]]></wp:meta_key>
			<wp:meta_value><![CDATA[]]></wp:meta_value>
		</wp:postmeta>
		<wp:postmeta>
			<wp:meta_key><![CDATA[jtheme_meta_title]]></wp:meta_key>
			<wp:meta_value><![CDATA[]]></wp:meta_value>
		</wp:postmeta>
		<wp:postmeta>
			<wp:meta_key><![CDATA[jtheme_meta_description]]></wp:meta_key>
			<wp:meta_value><![CDATA[]]></wp:meta_value>
		</wp:postmeta>
		<wp:postmeta>
			<wp:meta_key><![CDATA[_wp_old_slug]]></wp:meta_key>
			<wp:meta_value><![CDATA[130]]></wp:meta_value>
		</wp:postmeta>
		<wp:postmeta>
			<wp:meta_key><![CDATA[_oembed_edf17b8b91499814bf593672753f921e]]></wp:meta_key>
			<wp:meta_value><![CDATA[<iframe width="1200" height="675" src="https://www.youtube.com/embed/Tp6HQCb70yM?feature=oembed" frameborder="0" allowfullscreen></iframe>]]></wp:meta_value>
		</wp:postmeta>
		<wp:postmeta>
			<wp:meta_key><![CDATA[_oembed_time_edf17b8b91499814bf593672753f921e]]></wp:meta_key>
			<wp:meta_value><![CDATA[1464610104]]></wp:meta_value>
		</wp:postmeta>
	</item>
	<item>
		<title>Vivamus sed ultrices diam</title>
		<link>http://demo.beetube.me/2016/05/27/vivamus-sed-ultrices-diam/</link>
		<pubDate>Fri, 27 May 2016 12:51:32 +0000</pubDate>
		<dc:creator><![CDATA[admin]]></dc:creator>
		<guid isPermaLink="false">http://demo.beetube.me/?p=134</guid>
		<description></description>
		<content:encoded><![CDATA[<p>Lorem ipsum dolor sit amet, consectetur adipiscing elit. Etiam ornare faucibus dignissim. Pellentesque at auctor tortor. Aliquam nec eleifend neque. Nunc non ligula eu massa venenatis maximus sit amet tincidunt magna. Maecenas vel odio vel diam dictum ornare a a turpis. Donec vulputate nulla justo, ut varius metus mollis ut. Vestibulum vitae orci vitae tortor tristique auctor a vel nisl.</p>

<p>Etiam eu purus ante. Sed at ex turpis. Morbi hendrerit metus et dignissim ullamcorper. Sed sit amet tempus urna. Vestibulum tincidunt nibh eget ultrices sagittis. Proin volutpat mi et est consectetur rutrum. Cras porta tempus orci, vel fermentum elit interdum a. Praesent blandit lorem et dolor porttitor, eget convallis nibh ultrices. Aliquam sed urna dolor. Aenean vel vulputate est. Fusce vestibulum nunc eu enim dignissim, hendrerit efficitur ante imperdiet. Sed egestas blandit tristique. Praesent nec faucibus lorem, vitae euismod leo. Class aptent taciti sociosqu ad litora torquent per conubia nostra, per inceptos himenaeos. Proin ultrices vulputate eleifend. Ut in ante malesuada, ullamcorper eros at, placerat turpis.</p>

<blockquote>
	Neque porro quisquam est, qui dolorem ipsum quia dolor sit amet, consectetur, adipisci velit, sed quia non numquam eius modi tempora incidunt ut labore et dolore magnam aliquam quaerat voluptatem. Ut enim ad minima veniam, quis nostrum exercitationem ullam corporis suscipit laboriosam,
</blockquote>

<p>Ut et cursus arcu. Fusce id mauris in velit vulputate efficitur. Suspendisse fermentum condimentum nisi, in commodo risus vulputate a. Vivamus consequat dui at gravida aliquet. Vivamus sed ultrices diam, at interdum magna. In hac habitasse platea dictumst. Maecenas sit amet lacinia nisi. In hac habitasse platea dictumst. Etiam venenatis ullamcorper quam, quis elementum metus fringilla at. Vestibulum accumsan libero sit amet leo feugiat, vel fermentum orci vulputate. Cras ultricies, lectus eu mattis pharetra, dui augue aliquam dui, blandit molestie quam justo a nunc. </p>]]></content:encoded>
		<excerpt:encoded><![CDATA[]]></excerpt:encoded>
		<wp:post_id>134</wp:post_id>
		<wp:post_date><![CDATA[2016-05-27 12:51:32]]></wp:post_date>
		<wp:post_date_gmt><![CDATA[2016-05-27 12:51:32]]></wp:post_date_gmt>
		<wp:comment_status><![CDATA[open]]></wp:comment_status>
		<wp:ping_status><![CDATA[open]]></wp:ping_status>
		<wp:post_name><![CDATA[vivamus-sed-ultrices-diam]]></wp:post_name>
		<wp:status><![CDATA[publish]]></wp:status>
		<wp:post_parent>0</wp:post_parent>
		<wp:menu_order>0</wp:menu_order>
		<wp:post_type><![CDATA[post]]></wp:post_type>
		<wp:post_password><![CDATA[]]></wp:post_password>
		<wp:is_sticky>0</wp:is_sticky>
		<category domain="post_tag" nicename="entertainment"><![CDATA[entertainment]]></category>
		<category domain="post_tag" nicename="hd"><![CDATA[HD]]></category>
		<category domain="post_tag" nicename="movies"><![CDATA[Movies]]></category>
		<category domain="category" nicename="olympic"><![CDATA[Olympic]]></category>
		<category domain="post_tag" nicename="sports"><![CDATA[sports]]></category>
		<wp:postmeta>
			<wp:meta_key><![CDATA[_edit_last]]></wp:meta_key>
			<wp:meta_value><![CDATA[1]]></wp:meta_value>
		</wp:postmeta>
		<wp:postmeta>
			<wp:meta_key><![CDATA[_thumbnail_id]]></wp:meta_key>
			<wp:meta_value><![CDATA[135]]></wp:meta_value>
		</wp:postmeta>
		<wp:postmeta>
			<wp:meta_key><![CDATA[wpb_post_views_count]]></wp:meta_key>
			<wp:meta_value><![CDATA[31]]></wp:meta_value>
		</wp:postmeta>
		<wp:postmeta>
			<wp:meta_key><![CDATA[hd_post]]></wp:meta_key>
			<wp:meta_value><![CDATA[2]]></wp:meta_value>
		</wp:postmeta>
		<wp:postmeta>
			<wp:meta_key><![CDATA[featured_post]]></wp:meta_key>
			<wp:meta_value><![CDATA[1]]></wp:meta_value>
		</wp:postmeta>
		<wp:postmeta>
			<wp:meta_key><![CDATA[post_time]]></wp:meta_key>
			<wp:meta_value><![CDATA[3:33]]></wp:meta_value>
		</wp:postmeta>
		<wp:postmeta>
			<wp:meta_key><![CDATA[post_quality]]></wp:meta_key>
			<wp:meta_value><![CDATA[HD]]></wp:meta_value>
		</wp:postmeta>
		<wp:postmeta>
			<wp:meta_key><![CDATA[jtheme_video_url]]></wp:meta_key>
			<wp:meta_value><![CDATA[https://vimeo.com/34592862]]></wp:meta_value>
		</wp:postmeta>
		<wp:postmeta>
			<wp:meta_key><![CDATA[jtheme_video_code]]></wp:meta_key>
			<wp:meta_value><![CDATA[]]></wp:meta_value>
		</wp:postmeta>
		<wp:postmeta>
			<wp:meta_key><![CDATA[jtheme_video_file]]></wp:meta_key>
			<wp:meta_value><![CDATA[]]></wp:meta_value>
		</wp:postmeta>
		<wp:postmeta>
			<wp:meta_key><![CDATA[jtheme_meta_title]]></wp:meta_key>
			<wp:meta_value><![CDATA[]]></wp:meta_value>
		</wp:postmeta>
		<wp:postmeta>
			<wp:meta_key><![CDATA[jtheme_meta_description]]></wp:meta_key>
			<wp:meta_value><![CDATA[]]></wp:meta_value>
		</wp:postmeta>
		<wp:postmeta>
			<wp:meta_key><![CDATA[_oembed_5a9b22e17a8ec6e8d4246e1ec39f5aae]]></wp:meta_key>
			<wp:meta_value><![CDATA[<iframe src="https://player.vimeo.com/video/34592862" width="1200" height="675" frameborder="0" title="Mercedes Benz C63 AMG  - The Movie" webkitallowfullscreen mozallowfullscreen allowfullscreen></iframe>]]></wp:meta_value>
		</wp:postmeta>
		<wp:postmeta>
			<wp:meta_key><![CDATA[_oembed_time_5a9b22e17a8ec6e8d4246e1ec39f5aae]]></wp:meta_key>
			<wp:meta_value><![CDATA[1464354849]]></wp:meta_value>
		</wp:postmeta>
	</item>
</channel>
</rss>
