{"last_tab":"14","logo":{"url":"http:\/\/demo.beetube.me\/wp-content\/uploads\/2016\/05\/logo.png","id":"137","height":"40","width":"164","thumbnail":"http:\/\/demo.beetube.me\/wp-content\/uploads\/2016\/05\/logo-150x40.png"},"favicon":{"url":"","id":"","height":"","width":"","thumbnail":""},"layout-version":"1","nav-sticky":"1","infinite-scroll":"2","backtotop":"1","newusernotification":"2","betube-publish-post-notification":"2","tags_limit":"15","home-cat-counter":"10","google_id":"","betube-main-grid-selection":"gridsmall","betube-header-style":"v1","betube-footer-on":"1","footer_copyright":"All copyrights reserved \u00a9 2016 - Design & Development by <a href=\"http:\/\/joinwebs.com\">Joinwebs<\/a>","betube-google-analytics":"","betube-google-webmaster":"","footer-logo":{"url":"http:\/\/demo.beetube.me\/wp-content\/uploads\/2016\/05\/footerlogo.png","id":"56","height":"24","width":"96","thumbnail":"http:\/\/demo.beetube.me\/wp-content\/uploads\/2016\/05\/footerlogo.png"},"landing-first-section-on":"1","landing-first-section-title":"Newest Videos","landing-first-grid-selection":"gridsmall","landing-first-section-category":"","landing-first-section-pcount":"8","landing-first-section-order":"date","landing-first-section-ad_code":"<a href=\"#\"><img src=\"http:\/\/demo.beetube.me\/wp-content\/uploads\/2016\/05\/goodleadv.png\" alt=\"BeTube Ads\"><\/a>","landing-second-section-on":"1","landing-second-section-title":"Most Popular Videos","landing-second-grid-selection":"gridsmall","landing-second-section-category":"","landing-second-section-pcount":"8","landing-second-section-order":"date","landing-second-section-ad_code":"<a href=\"#\"><img src=\"http:\/\/demo.beetube.me\/wp-content\/uploads\/2016\/05\/goodleadv.png\" alt=\"BeTube Ads\"><\/a>","landing-third-section-on":"0","landing-third-section-title":"Most Liked","landing-third-grid-selection":"gridsmall","landing-third-section-category":"","landing-third-section-pcount":"12","landing-third-section-order":"date","landing-third-section-ad_code":"<a href=\"#\"><img src=\"http:\/\/demo.beetube.me\/wp-content\/uploads\/2016\/05\/goodleadv.png\" alt=\"BeTube Ads\"><\/a>","landing-fourth-section-on":"0","landing-fourth-section-title":"Fourth Title","landing-fourth-grid-selection":"gridsmall","landing-fourth-section-category":"","landing-fourth-section-pcount":"4","landing-fourth-section-order":"date","landing-fourth-section-ad_code":"<a href=\"#\"><img src=\"http:\/\/demo.beetube.me\/wp-content\/uploads\/2016\/05\/goodleadv.png\" alt=\"BeTube Ads\"><\/a>","landing-five-section-on":"0","landing-five-section-title":"five Title","landing-five-grid-selection":"gridsmall","landing-five-section-category":"","landing-five-section-pcount":"2","landing-five-section-order":"date","landing-five-section-ad_code":"<a href=\"#\"><img src=\"http:\/\/demo.beetube.me\/wp-content\/uploads\/2016\/05\/goodleadv.png\" alt=\"BeTube Ads\"><\/a>","movies-section-pcount":"6","movies-section-ad_code":"<a href=\"#\"><img src=\"http:\/\/demo.beetube.me\/wp-content\/uploads\/2016\/05\/goodleadv.png\" alt=\"BeTube Ads\"><\/a>","randomcat-title-homev5":"Watch Videos from random Medias","randomcat-desc-homev5":"Lorem Ipsum is simply dummy text of the printing and typesetting industry. Lorem Ipsum has been the industrys standard dummy text ever since the 1500s, when an unknown printer took a galley of type and scrambled it to make a type specimen book.","randomcat-list-homev5":["14","11","9"],"randomcat-section-pcount":"6","randomcat-grid-selection":"gridsmall","betube-landing-layout":{"disabled":{"placebo":"placebo","moviesv2":"Movies Slider V2"},"enabled":{"placebo":"placebo","layerslider":"LayerSlider","verticalslider":"Vertical Slider","caraslider":"Carasol Slider","featuredvideos":"Featured Videos Slider","homecategory":"Categories","maincontent":"Video Content","maincontent2":"Videos With Sidebar","maincontent3":"Videos With Sidebar BG","randomcat":"Random Categories","movies":"Movies Slider"}},"betube-vertical-slider-thumb":"2","betube-vertical-slider-cat":"","betube-vertical-slider-count":"10","featured-caton":"0","featured-cat":"9","featured-counter":"9","betube-cara-slider-category":"","betube-cara-slider-count":"10","betube-seo-meta-on":"1","betube-tags-on":"1","betube-post-moderation-on":"2","betube-multi-player":"2","betube-default-player":"jwplayer","betube-single-video-layout":"2","login":"http:\/\/demo.beetube.me\/login\/","register":"http:\/\/demo.beetube.me\/register\/","profile":"http:\/\/demo.beetube.me\/profile\/","edit-profile":"http:\/\/demo.beetube.me\/edit-profile\/","new_post":"http:\/\/demo.beetube.me\/add-post\/","edit_post":"http:\/\/demo.beetube.me\/edit-video\/","all-cat-page-link":"","all-video-page-link":"http:\/\/demo.beetube.me\/all-videos\/","all-video-single-user":"http:\/\/demo.beetube.me\/user-video\/","all-followers":"http:\/\/demo.beetube.me\/followers\/","reset":"http:\/\/demo.beetube.me\/reset-password\/","termsandcondition":"http:\/\/demo.beetube.me\/terms\/","all-favourite":"http:\/\/demo.beetube.me\/favorite\/","betube-google-ads-for-blog":"<a href=\"#\"><img src=\"http:\/\/demo.beetube.me\/wp-content\/uploads\/2016\/05\/goodleadv.png\" alt=\"BeTube Ads\"><\/a>","betube-google-ads-for-category-page":"<a href=\"#\"><img src=\"http:\/\/demo.beetube.me\/wp-content\/uploads\/2016\/05\/goodleadv.png\" alt=\"BeTube Ads\"><\/a>","betube-google-ads-for-all-video-page":"<a href=\"#\"><img src=\"http:\/\/demo.beetube.me\/wp-content\/uploads\/2016\/05\/goodleadv.png\" alt=\"BeTube Ads\"><\/a>","betube-google-ads-header-v6":"<a href=\"#\"><img src=\"http:\/\/demo.beetube.me\/wp-content\/uploads\/2016\/05\/goodleadv.png\" alt=\"BeTube Ads\"><\/a>","facebook-link":"http:\/\/www.facebook.com\/joinwebs","twitter-link":"http:\/\/www.twitter.com\/joinwebs","dribbble-link":"http:\/\/dribbble.com\/joinwebs","flickr-link":"http:\/\/joinwebs.com","github-link":"http:\/\/joinwebs.com","pinterest-link":"http:\/\/joinwebs.com","youtube-link":"http:\/\/joinwebs.com","google-plus-link":"http:\/\/joinwebs.com","linkedin-link":"http:\/\/joinwebs.com","instagram-link":"http:\/\/joinwebs.com","vimeo-link":"http:\/\/joinwebs.com","twitter_user_name":"joinwebs","consumer_key":"wGJswi6el5wCIeEiwoO8xw","consumer_secret":"3fNYyeOof3Se9d6JqXT3SKgHJmM2fZU2038abckpYU","access_token":"508769927-TtT4N7uOJsUkSakVy83w8LImLZTuMkbmbSHlSV4H","access_token_secret":"gUC2tgbzFtgfDkPh5EUg0KEq9MGIYuZa4fpwmC7qTQo","betube-facebook-meta-on":"1","betube-facebook-app-id":"","betube-play-on-facebook":"1","betube-facebook-comment":"2","contact-map":"1","contact-email":"support@joinwebs.com","contact-email-error":"You entered an invalid email.","contact-name-error":"You forgot to enter your name.","contact-message-error":"You forgot to enter your message.","contact-thankyou-message":"Thank you! We will get back to you as soon as possible.","contact-latitude":"31.516370","contact-longitude":"74.258727","contact-zoom":"16","betube-contact-title":"JoinWebs","betube-contact-address":"Lahore, Pakistan","contact-description":"Semper ac dolor vitae accumsan. Cras interdum hendrerit lacinia.Phasellusaccumsan urna vitae molestie interdum. Nam sed placerat libero, non eleifend dolor.","contact-address":"Our business address is 1063 Freelon Street San Francisco, CA 95108","contact-phone":"021.343.7575","contact-fax":"021.343.7576","betube-color-title":"#444444","betube-primary-color":"#e96969","betube-secondary-color":"#444444","betube-breadcrumb-bg":"#444444","betube-breadcrumb-txt-color":"#aaaaaa","betube-vertical-slider-bg":"#303030","betube-sidebar-color":"#f0f0f0","betube-footer-bg-color":"#444444","betube-footer-heading-color":"#ececec","betube-footer-text-color":"#aaaaaa","betube-footer-tag-bg":"#6c6c6c","betube-footer-bottom-bg":"#2e2e2e","body-font":{"font-family":"Open Sans","font-options":"","google":"true","font-weight":"400","font-style":"","subsets":"","text-align":"","font-size":"13px","line-height":"24px","color":"#6c6c6c"},"heding1-font":{"font-family":"Open Sans","font-options":"","font-backup":"","text-align":"","text-transform":"","font-variant":"","text-decoration":"","line-height":"36px","word-spacing":"","letter-spacing":"","subsets":"","google":false,"font-script":"","font-weight":"700","font-style":"","color":"#444","font-size":"36px"},"heding2-font":{"font-family":"Open Sans","font-options":"","font-backup":"","text-align":"","text-transform":"","font-variant":"","text-decoration":"","line-height":"30px","word-spacing":"","letter-spacing":"","subsets":"","google":false,"font-script":"","font-weight":"700","font-style":"","color":"#444","font-size":"30px"},"heding3-font":{"font-family":"Open Sans","font-options":"","font-backup":"","text-align":"","text-transform":"","font-variant":"","text-decoration":"","line-height":"24px","word-spacing":"","letter-spacing":"","subsets":"","google":false,"font-script":"","font-weight":"700","font-style":"","color":"#444","font-size":"24px"},"heding4-font":{"font-family":"Open Sans","font-options":"","font-backup":"","text-align":"","text-transform":"","font-variant":"","text-decoration":"","line-height":"18px","word-spacing":"","letter-spacing":"","subsets":"","google":false,"font-script":"","font-weight":"700","font-style":"","color":"#444","font-size":"18px"},"heding5-font":{"font-family":"Open Sans","font-options":"","font-backup":"","text-align":"","text-transform":"","font-variant":"","text-decoration":"","line-height":"16px","word-spacing":"","letter-spacing":"","subsets":"","google":false,"font-script":"","font-weight":"700","font-style":"","color":"#444","font-size":"16px"},"heding6-font":{"font-family":"Open Sans","font-options":"","font-backup":"","text-align":"","text-transform":"","font-variant":"","text-decoration":"","line-height":"14px","word-spacing":"","letter-spacing":"","subsets":"","google":false,"font-script":"","font-weight":"700","font-style":"","color":"#444","font-size":"14px"},"redux-backup":"1"}